YearMonth,Province,pr_admissions,employment_thousands,employment_rate,participation_rate,unemployment_rate,Year,Month,time_trend,covid_dummy,post_covid
2015-01,Alberta,1900.0,2284.8,69.9,73.4,4.7,2015,1,1,0.0,0.0
2015-02,Alberta,2645.0,2271.2,69.4,73.4,5.4,2015,2,2,0.0,0.0
2015-03,Alberta,3660.0,2270.8,69.3,73.4,5.6,2015,3,3,0.0,0.0
2015-04,Alberta,3785.0,2275.9,69.4,73.6,5.7,2015,4,4,0.0,0.0
2015-05,Alberta,3885.0,2268.3,69.1,73.7,6.3,2015,5,5,0.0,0.0
2015-06,Alberta,4295.0,2262.7,68.8,73.4,6.2,2015,6,6,0.0,0.0
2015-07,Alberta,4525.0,2271.6,69.0,73.4,5.9,2015,7,7,0.0,0.0
2015-08,Alberta,4465.0,2262.0,68.7,73.2,6.1,2015,8,8,0.0,0.0
2015-09,Alberta,5175.0,2269.0,68.8,73.7,6.6,2015,9,9,0.0,0.0
2015-10,Alberta,4650.0,2254.6,68.4,73.0,6.3,2015,10,10,0.0,0.0
2015-11,Alberta,4085.0,2236.0,67.8,72.8,6.9,2015,11,11,0.0,0.0
2015-12,Alberta,4150.0,2227.4,67.5,72.7,7.1,2015,12,12,0.0,0.0
2016-01,Alberta,4685.0,2214.4,67.1,72.5,7.5,2016,1,13,0.0,0.0
2016-02,Alberta,5615.0,2216.4,67.1,72.7,7.8,2016,2,14,0.0,0.0
2016-03,Alberta,5070.0,2216.7,67.0,72.3,7.3,2016,3,15,0.0,0.0
2016-04,Alberta,5315.0,2210.9,66.8,72.3,7.6,2016,4,16,0.0,0.0
2016-05,Alberta,5260.0,2193.0,66.3,72.3,8.3,2016,5,17,0.0,0.0
2016-06,Alberta,4850.0,2185.4,66.0,71.9,8.2,2016,6,18,0.0,0.0
2016-07,Alberta,3810.0,2180.4,65.8,72.2,8.9,2016,7,19,0.0,0.0
2016-08,Alberta,3220.0,2190.2,66.0,72.0,8.4,2016,8,20,0.0,0.0
2016-09,Alberta,3070.0,2195.8,66.1,72.3,8.5,2016,9,21,0.0,0.0
2016-10,Alberta,2790.0,2202.2,66.3,72.4,8.5,2016,10,22,0.0,0.0
2016-11,Alberta,2530.0,2196.7,66.1,72.4,8.8,2016,11,23,0.0,0.0
2016-12,Alberta,3030.0,2199.1,66.1,72.3,8.6,2016,12,24,0.0,0.0
2017-01,Alberta,4425.0,2205.3,66.2,72.4,8.6,2017,1,25,0.0,0.0
2017-02,Alberta,4225.0,2216.1,66.5,72.4,8.1,2017,2,26,0.0,0.0
2017-03,Alberta,4735.0,2217.0,66.5,72.7,8.6,2017,3,27,0.0,0.0
2017-04,Alberta,4200.0,2216.8,66.4,72.3,8.2,2017,4,28,0.0,0.0
2017-05,Alberta,4150.0,2213.6,66.2,72.3,8.4,2017,5,29,0.0,0.0
2017-06,Alberta,3945.0,2219.5,66.3,71.9,7.8,2017,6,30,0.0,0.0
2017-07,Alberta,3200.0,2207.6,65.9,71.7,8.0,2017,7,31,0.0,0.0
2017-08,Alberta,2635.0,2209.3,65.9,71.9,8.4,2017,8,32,0.0,0.0
2017-09,Alberta,2615.0,2220.5,66.2,71.5,7.5,2017,9,33,0.0,0.0
2017-10,Alberta,2600.0,2222.1,66.2,71.6,7.7,2017,10,34,0.0,0.0
2017-11,Alberta,2520.0,2235.0,66.5,71.8,7.4,2017,11,35,0.0,0.0
2017-12,Alberta,2875.0,2263.5,67.3,72.5,7.2,2017,12,36,0.0,0.0
2018-01,Alberta,3040.0,2267.8,67.3,72.1,6.7,2018,1,37,0.0,0.0
2018-02,Alberta,3285.0,2265.4,67.2,71.8,6.5,2018,2,38,0.0,0.0
2018-03,Alberta,4290.0,2273.3,67.3,71.7,6.2,2018,3,39,0.0,0.0
2018-04,Alberta,3850.0,2256.1,66.7,71.5,6.8,2018,4,40,0.0,0.0
2018-05,Alberta,4100.0,2270.7,67.0,71.5,6.2,2018,5,41,0.0,0.0
2018-06,Alberta,3685.0,2269.7,66.9,71.7,6.6,2018,6,42,0.0,0.0
2018-07,Alberta,3665.0,2275.8,67.0,72.0,6.9,2018,7,43,0.0,0.0
2018-08,Alberta,3095.0,2290.2,67.3,72.2,6.7,2018,8,44,0.0,0.0
2018-09,Alberta,3630.0,2293.9,67.3,72.3,6.9,2018,9,45,0.0,0.0
2018-10,Alberta,3470.0,2293.3,67.2,72.2,6.8,2018,10,46,0.0,0.0
2018-11,Alberta,3170.0,2313.7,67.8,72.3,6.3,2018,11,47,0.0,0.0
2018-12,Alberta,2725.0,2295.3,67.1,71.7,6.4,2018,12,48,0.0,0.0
2019-01,Alberta,2550.0,2292.0,66.9,71.7,6.6,2019,1,49,0.0,0.0
2019-02,Alberta,2590.0,2288.8,66.8,72.0,7.3,2019,2,50,0.0,0.0
2019-03,Alberta,3405.0,2281.5,66.5,71.4,6.9,2019,3,51,0.0,0.0
2019-04,Alberta,3615.0,2313.5,67.3,72.0,6.5,2019,4,52,0.0,0.0
2019-05,Alberta,4465.0,2306.6,67.0,71.9,6.7,2019,5,53,0.0,0.0
2019-06,Alberta,4340.0,2312.5,67.1,71.9,6.7,2019,6,54,0.0,0.0
2019-07,Alberta,4130.0,2314.4,67.0,72.2,7.1,2019,7,55,0.0,0.0
2019-08,Alberta,3995.0,2298.3,66.5,71.9,7.6,2019,8,56,0.0,0.0
2019-09,Alberta,4570.0,2308.9,66.7,71.4,6.6,2019,9,57,0.0,0.0
2019-10,Alberta,4220.0,2311.7,66.7,71.4,6.7,2019,10,58,0.0,0.0
2019-11,Alberta,3235.0,2305.0,66.4,71.5,7.2,2019,11,59,0.0,0.0
2019-12,Alberta,2595.0,2309.1,66.4,71.4,7.0,2019,12,60,0.0,0.0
2020-01,Alberta,2840.0,2289.3,65.7,70.9,7.3,2020,1,61,1.0,0.0
2020-02,Alberta,3060.0,2294.8,65.8,71.1,7.4,2020,2,62,1.0,0.0
2020-03,Alberta,2580.0,2167.2,62.1,68.1,8.8,2020,3,63,1.0,0.0
2020-04,Alberta,665.0,1939.3,55.5,63.9,13.1,2020,4,64,1.0,0.0
2020-05,Alberta,1405.0,1953.0,55.9,66.1,15.4,2020,5,65,1.0,0.0
2020-06,Alberta,2195.0,2056.5,58.8,69.4,15.3,2020,6,66,1.0,0.0
2020-07,Alberta,1645.0,2117.3,60.5,69.4,12.9,2020,7,67,1.0,0.0
2020-08,Alberta,1245.0,2126.6,60.7,69.3,12.5,2020,8,68,1.0,0.0
2020-09,Alberta,2005.0,2167.2,61.8,70.2,12.0,2020,9,69,1.0,0.0
2020-10,Alberta,1930.0,2183.6,62.2,70.3,11.6,2020,10,70,0.0,0.0
2020-11,Alberta,1955.0,2182.8,62.1,69.9,11.1,2020,11,71,0.0,0.0
2020-12,Alberta,1450.0,2172.2,61.8,69.3,10.7,2020,12,72,0.0,0.0
2021-01,Alberta,2670.0,2186.9,62.2,69.4,10.3,2021,1,73,0.0,1.0
2021-02,Alberta,2195.0,2206.3,62.7,69.7,9.9,2021,2,74,0.0,1.0
2021-03,Alberta,1905.0,2240.4,63.7,70.2,9.2,2021,3,75,0.0,1.0
2021-04,Alberta,1960.0,2222.7,63.2,69.3,8.8,2021,4,76,0.0,1.0
2021-05,Alberta,1650.0,2218.5,63.0,68.9,8.5,2021,5,77,0.0,1.0
2021-06,Alberta,3405.0,2230.6,63.3,69.5,8.8,2021,6,78,0.0,1.0
2021-07,Alberta,3840.0,2235.0,63.4,69.2,8.4,2021,7,79,0.0,1.0
2021-08,Alberta,3310.0,2257.8,63.9,69.5,8.0,2021,8,80,0.0,1.0
2021-09,Alberta,4330.0,2293.8,64.9,70.4,7.8,2021,9,81,0.0,1.0
2021-10,Alberta,4880.0,2274.3,64.3,69.7,7.8,2021,10,82,0.0,1.0
2021-11,Alberta,4655.0,2289.3,64.6,69.7,7.4,2021,11,83,0.0,1.0
2021-12,Alberta,4580.0,2313.9,65.2,70.0,6.9,2021,12,84,0.0,1.0
2022-01,Alberta,3370.0,2309.3,65.0,69.7,6.9,2022,1,85,0.0,0.0
2022-02,Alberta,4470.0,2331.8,65.5,70.1,6.6,2022,2,86,0.0,0.0
2022-03,Alberta,4870.0,2329.0,65.3,69.7,6.3,2022,3,87,0.0,0.0
2022-04,Alberta,4590.0,2342.3,65.6,69.8,6.1,2022,4,88,0.0,0.0
2022-05,Alberta,4690.0,2359.3,65.9,70.0,5.9,2022,5,89,0.0,0.0
2022-06,Alberta,4975.0,2370.0,66.1,69.7,5.2,2022,6,90,0.0,0.0
2022-07,Alberta,4345.0,2366.7,65.8,69.2,4.9,2022,7,91,0.0,0.0
2022-08,Alberta,3335.0,2367.1,65.6,69.5,5.6,2022,8,92,0.0,0.0
2022-09,Alberta,4950.0,2374.7,65.7,69.4,5.4,2022,9,93,0.0,0.0
2022-10,Alberta,4000.0,2375.0,65.5,69.3,5.5,2022,10,94,0.0,0.0
2022-11,Alberta,3405.0,2382.0,65.5,69.5,5.7,2022,11,95,0.0,0.0
2022-12,Alberta,2535.0,2393.1,65.7,69.6,5.7,2022,12,96,0.0,0.0
2023-01,Alberta,5705.0,2407.6,65.8,70.1,6.1,2023,1,97,0.0,0.0
2023-02,Alberta,6115.0,2408.1,65.6,69.8,6.1,2023,2,98,0.0,0.0
2023-03,Alberta,5335.0,2424.9,65.8,69.9,5.9,2023,3,99,0.0,0.0
2023-04,Alberta,3505.0,2424.4,65.6,69.7,5.9,2023,4,100,0.0,0.0
2023-05,Alberta,6065.0,2435.6,65.6,69.6,5.7,2023,5,101,0.0,0.0
2023-06,Alberta,5010.0,2438.5,65.4,69.5,5.9,2023,6,102,0.0,0.0
2023-07,Alberta,4250.0,2454.8,65.6,69.8,5.9,2023,7,103,0.0,0.0
2023-08,Alberta,3890.0,2465.1,65.6,69.4,5.5,2023,8,104,0.0,0.0
2023-09,Alberta,3730.0,2452.4,65.1,68.7,5.3,2023,9,105,0.0,0.0
2023-10,Alberta,4480.0,2475.0,65.4,69.4,5.8,2023,10,106,0.0,0.0
2023-11,Alberta,4140.0,2479.5,65.3,69.4,6.0,2023,11,107,0.0,0.0
2023-12,Alberta,5370.0,2480.9,65.1,69.6,6.5,2023,12,108,0.0,0.0
2024-01,Alberta,5455.0,2488.1,65.0,69.4,6.4,2024,1,109,0.0,0.0
2024-02,Alberta,5430.0,2503.4,65.2,69.6,6.3,2024,2,110,0.0,0.0
2024-03,Alberta,4520.0,2507.2,65.0,69.5,6.5,2024,3,111,0.0,0.0
2024-04,Alberta,5710.0,2512.6,64.9,70.0,7.4,2024,4,112,0.0,0.0
2024-05,Alberta,6775.0,2500.7,64.3,69.3,7.2,2024,5,113,0.0,0.0
2024-06,Alberta,6550.0,2511.3,64.3,69.3,7.2,2024,6,114,0.0,0.0
2024-07,Alberta,6255.0,2516.8,64.1,69.0,7.1,2024,7,115,0.0,0.0
2024-08,Alberta,5505.0,2522.5,64.0,69.1,7.3,2024,8,116,0.0,0.0
2024-09,Alberta,5145.0,2517.0,63.6,68.7,7.4,2024,9,117,0.0,0.0
2024-10,Alberta,5140.0,2522.4,63.5,68.6,7.4,2024,10,118,0.0,0.0
2024-11,Alberta,5040.0,2538.6,63.8,69.0,7.6,2024,11,119,0.0,0.0
2024-12,Alberta,4875.0,2568.9,64.4,69.1,6.8,2024,12,120,0.0,0.0
2025-01,Alberta,4280.0,2564.6,64.1,68.7,6.8,2025,1,121,0.0,0.0
2025-02,Alberta,4795.0,2564.2,63.9,68.6,6.8,2025,2,122,0.0,0.0
2025-03,Alberta,4555.0,2554.6,63.5,68.4,7.2,2025,3,123,0.0,0.0
2025-04,Alberta,3535.0,2567.5,63.7,68.6,7.2,2025,4,124,0.0,0.0
2025-05,Alberta,4230.0,2566.1,63.5,68.6,7.4,2025,5,125,0.0,0.0
2025-06,Alberta,4850.0,2598.8,64.1,68.8,6.8,2025,6,126,0.0,0.0
2025-07,Alberta,4665.0,2579.0,63.5,69.0,7.9,2025,7,127,0.0,0.0
2025-08,Alberta,3710.0,2568.7,63.2,68.8,8.2,2025,8,128,0.0,0.0
2025-09,Alberta,4585.0,2608.5,64.0,69.3,7.7,2025,9,129,0.0,0.0
2025-10,Alberta,4585.0,2618.6,64.1,69.4,7.6,2025,10,130,0.0,0.0
2025-11,Alberta,3950.0,2646.6,64.7,69.2,6.5,2025,11,131,0.0,0.0
2025-12,Alberta,3870.0,2630.7,64.2,68.8,6.7,2025,12,132,0.0,0.0
2015-01,British Columbia,1910.0,2353.3,60.1,63.8,5.7,2015,1,1,0.0,0.0
2015-02,British Columbia,2095.0,2344.9,59.9,63.7,6.0,2015,2,2,0.0,0.0
2015-03,British Columbia,2775.0,2355.8,60.0,63.8,5.9,2015,3,3,0.0,0.0
2015-04,British Columbia,2770.0,2335.8,59.4,63.5,6.5,2015,4,4,0.0,0.0
2015-05,British Columbia,2970.0,2356.5,59.9,63.7,6.0,2015,5,5,0.0,0.0
2015-06,British Columbia,3480.0,2369.7,60.1,63.9,5.9,2015,6,6,0.0,0.0
2015-07,British Columbia,3810.0,2362.5,59.8,63.8,6.3,2015,7,7,0.0,0.0
2015-08,British Columbia,3400.0,2385.2,60.3,64.2,6.1,2015,8,8,0.0,0.0
2015-09,British Columbia,3680.0,2395.1,60.4,64.6,6.4,2015,9,9,0.0,0.0
2015-10,British Columbia,3090.0,2416.2,60.9,64.8,6.1,2015,10,10,0.0,0.0
2015-11,British Columbia,2695.0,2422.0,60.9,64.9,6.1,2015,11,11,0.0,0.0
2015-12,British Columbia,3040.0,2414.5,60.7,65.1,6.8,2015,12,12,0.0,0.0
2016-01,British Columbia,3840.0,2424.4,60.8,65.2,6.7,2016,1,13,0.0,0.0
2016-02,British Columbia,4125.0,2432.2,60.9,65.3,6.7,2016,2,14,0.0,0.0
2016-03,British Columbia,3800.0,2444.6,61.1,65.1,6.2,2016,3,15,0.0,0.0
2016-04,British Columbia,3825.0,2458.9,61.3,64.9,5.6,2016,4,16,0.0,0.0
2016-05,British Columbia,3875.0,2457.2,61.1,64.9,5.8,2016,5,17,0.0,0.0
2016-06,British Columbia,4025.0,2461.1,61.1,65.0,5.9,2016,6,18,0.0,0.0
2016-07,British Columbia,3025.0,2479.4,61.5,65.2,5.7,2016,7,19,0.0,0.0
2016-08,British Columbia,2465.0,2482.9,61.5,65.2,5.7,2016,8,20,0.0,0.0
2016-09,British Columbia,2330.0,2476.1,61.3,65.2,6.1,2016,9,21,0.0,0.0
2016-10,British Columbia,2095.0,2485.7,61.4,65.5,6.2,2016,10,22,0.0,0.0
2016-11,British Columbia,2085.0,2472.0,61.0,65.0,6.2,2016,11,23,0.0,0.0
2016-12,British Columbia,2595.0,2494.0,61.5,65.6,6.2,2016,12,24,0.0,0.0
2017-01,British Columbia,3625.0,2519.1,62.0,65.7,5.6,2017,1,25,0.0,0.0
2017-02,British Columbia,3445.0,2528.0,62.2,65.7,5.4,2017,2,26,0.0,0.0
2017-03,British Columbia,3590.0,2540.7,62.4,66.1,5.6,2017,3,27,0.0,0.0
2017-04,British Columbia,3335.0,2551.7,62.6,66.2,5.4,2017,4,28,0.0,0.0
2017-05,British Columbia,3370.0,2569.4,62.9,66.5,5.4,2017,5,29,0.0,0.0
2017-06,British Columbia,3450.0,2585.0,63.2,66.6,5.2,2017,6,30,0.0,0.0
2017-07,British Columbia,2795.0,2575.6,62.9,66.2,5.0,2017,7,31,0.0,0.0
2017-08,British Columbia,2975.0,2585.8,63.0,66.5,5.2,2017,8,32,0.0,0.0
2017-09,British Columbia,2930.0,2559.4,62.3,65.8,5.3,2017,9,33,0.0,0.0
2017-10,British Columbia,2810.0,2553.8,62.1,65.7,5.5,2017,10,34,0.0,0.0
2017-11,British Columbia,2820.0,2583.3,62.7,66.1,5.1,2017,11,35,0.0,0.0
2017-12,British Columbia,3315.0,2591.6,62.9,66.1,4.9,2017,12,36,0.0,0.0
2018-01,British Columbia,4045.0,2582.7,62.5,65.8,4.9,2018,1,37,0.0,0.0
2018-02,British Columbia,3875.0,2583.4,62.5,65.8,5.0,2018,2,38,0.0,0.0
2018-03,British Columbia,4270.0,2580.4,62.3,65.5,4.9,2018,3,39,0.0,0.0
2018-04,British Columbia,4125.0,2590.4,62.4,65.7,5.0,2018,4,40,0.0,0.0
2018-05,British Columbia,3855.0,2573.7,61.9,65.0,4.8,2018,5,41,0.0,0.0
2018-06,British Columbia,4085.0,2588.0,62.1,65.3,4.9,2018,6,42,0.0,0.0
2018-07,British Columbia,4060.0,2609.1,62.5,65.5,4.6,2018,7,43,0.0,0.0
2018-08,British Columbia,3265.0,2622.6,62.8,65.9,4.7,2018,8,44,0.0,0.0
2018-09,British Columbia,3540.0,2645.1,63.2,65.9,4.1,2018,9,45,0.0,0.0
2018-10,British Columbia,3480.0,2635.3,62.9,65.7,4.2,2018,10,46,0.0,0.0
2018-11,British Columbia,2990.0,2647.0,63.1,66.2,4.7,2018,11,47,0.0,0.0
2018-12,British Columbia,3275.0,2657.1,63.3,66.3,4.5,2018,12,48,0.0,0.0
2019-01,British Columbia,2640.0,2669.3,63.5,66.7,4.7,2019,1,49,0.0,0.0
2019-02,British Columbia,2660.0,2677.3,63.7,66.7,4.6,2019,2,50,0.0,0.0
2019-03,British Columbia,3545.0,2671.5,63.5,66.7,4.8,2019,3,51,0.0,0.0
2019-04,British Columbia,3735.0,2678.7,63.5,66.7,4.7,2019,4,52,0.0,0.0
2019-05,British Columbia,4920.0,2698.5,63.9,66.9,4.6,2019,5,53,0.0,0.0
2019-06,British Columbia,5030.0,2695.3,63.7,66.9,4.8,2019,6,54,0.0,0.0
2019-07,British Columbia,5630.0,2685.4,63.3,66.5,4.7,2019,7,55,0.0,0.0
2019-08,British Columbia,5150.0,2684.2,63.2,66.5,5.0,2019,8,56,0.0,0.0
2019-09,British Columbia,5120.0,2669.8,62.7,66.0,5.0,2019,9,57,0.0,0.0
2019-10,British Columbia,4490.0,2689.7,63.1,66.3,4.9,2019,10,58,0.0,0.0
2019-11,British Columbia,3780.0,2676.0,62.6,66.1,5.2,2019,11,59,0.0,0.0
2019-12,British Columbia,3525.0,2680.7,62.7,65.9,4.9,2019,12,60,0.0,0.0
2020-01,British Columbia,4210.0,2681.3,62.6,65.7,4.7,2020,1,61,1.0,0.0
2020-02,British Columbia,4195.0,2678.8,62.4,66.0,5.4,2020,2,62,1.0,0.0
2020-03,British Columbia,2625.0,2503.2,58.2,63.2,7.9,2020,3,63,1.0,0.0
2020-04,British Columbia,345.0,2247.3,52.2,59.3,11.9,2020,4,64,1.0,0.0
2020-05,British Columbia,1760.0,2301.2,53.4,62.1,14.0,2020,5,65,1.0,0.0
2020-06,British Columbia,3960.0,2429.6,56.3,64.5,12.8,2020,6,66,1.0,0.0
2020-07,British Columbia,1585.0,2500.5,57.9,64.9,10.8,2020,7,67,1.0,0.0
2020-08,British Columbia,1295.0,2519.0,58.2,65.1,10.5,2020,8,68,1.0,0.0
2020-09,British Columbia,2010.0,2586.3,59.8,65.5,8.7,2020,9,69,1.0,0.0
2020-10,British Columbia,1940.0,2619.4,60.5,65.9,8.2,2020,10,70,0.0,0.0
2020-11,British Columbia,2670.0,2635.2,60.9,66.0,7.8,2020,11,71,0.0,0.0
2020-12,British Columbia,1885.0,2635.1,60.8,65.9,7.6,2020,12,72,0.0,0.0
2021-01,British Columbia,3240.0,2647.0,61.1,66.2,7.6,2021,1,73,0.0,1.0
2021-02,British Columbia,3560.0,2661.4,61.4,66.2,7.3,2021,2,74,0.0,1.0
2021-03,British Columbia,3480.0,2681.8,61.8,66.6,7.2,2021,3,75,0.0,1.0
2021-04,British Columbia,3660.0,2645.8,60.9,65.6,7.0,2021,4,76,0.0,1.0
2021-05,British Columbia,2735.0,2651.0,61.0,65.7,7.1,2021,5,77,0.0,1.0
2021-06,British Columbia,6330.0,2684.9,61.7,66.1,6.6,2021,6,78,0.0,1.0
2021-07,British Columbia,7115.0,2694.7,61.9,66.1,6.4,2021,7,79,0.0,1.0
2021-08,British Columbia,7600.0,2699.7,61.8,66.1,6.5,2021,8,80,0.0,1.0
2021-09,British Columbia,8420.0,2706.6,61.9,66.0,6.2,2021,9,81,0.0,1.0
2021-10,British Columbia,8370.0,2704.3,61.7,65.4,5.6,2021,10,82,0.0,1.0
2021-11,British Columbia,8240.0,2724.5,62.1,65.7,5.5,2021,11,83,0.0,1.0
2021-12,British Columbia,6720.0,2714.5,61.8,65.2,5.3,2021,12,84,0.0,1.0
2022-01,British Columbia,6830.0,2726.7,61.9,65.3,5.1,2022,1,85,0.0,0.0
2022-02,British Columbia,6870.0,2750.5,62.4,65.5,4.8,2022,2,86,0.0,0.0
2022-03,British Columbia,7040.0,2749.5,62.2,65.6,5.1,2022,3,87,0.0,0.0
2022-04,British Columbia,5280.0,2761.4,62.4,65.6,4.9,2022,4,88,0.0,0.0
2022-05,British Columbia,5070.0,2773.7,62.5,65.5,4.5,2022,5,89,0.0,0.0
2022-06,British Columbia,5655.0,2771.2,62.4,65.4,4.6,2022,6,90,0.0,0.0
2022-07,British Columbia,5545.0,2784.2,62.6,65.6,4.6,2022,7,91,0.0,0.0
2022-08,British Columbia,4635.0,2780.5,62.4,65.5,4.6,2022,8,92,0.0,0.0
2022-09,British Columbia,5915.0,2801.3,62.8,65.7,4.4,2022,9,93,0.0,0.0
2022-10,British Columbia,3310.0,2798.7,62.6,65.7,4.6,2022,10,94,0.0,0.0
2022-11,British Columbia,2385.0,2799.1,62.6,65.4,4.4,2022,11,95,0.0,0.0
2022-12,British Columbia,2690.0,2808.4,62.7,65.4,4.2,2022,12,96,0.0,0.0
2023-01,British Columbia,7990.0,2811.9,62.6,65.6,4.5,2023,1,97,0.0,0.0
2023-02,British Columbia,9525.0,2819.0,62.6,66.1,5.3,2023,2,98,0.0,0.0
2023-03,British Columbia,6975.0,2820.6,62.4,65.4,4.6,2023,3,99,0.0,0.0
2023-04,British Columbia,3920.0,2818.1,62.2,65.5,5.1,2023,4,100,0.0,0.0
2023-05,British Columbia,7705.0,2831.9,62.3,65.6,5.0,2023,5,101,0.0,0.0
2023-06,British Columbia,5685.0,2832.0,62.1,65.7,5.5,2023,6,102,0.0,0.0
2023-07,British Columbia,5135.0,2832.8,61.9,65.5,5.5,2023,7,103,0.0,0.0
2023-08,British Columbia,5230.0,2854.7,62.2,65.6,5.2,2023,8,104,0.0,0.0
2023-09,British Columbia,3390.0,2874.0,62.5,66.0,5.4,2023,9,105,0.0,0.0
2023-10,British Columbia,4570.0,2879.9,62.4,65.9,5.3,2023,10,106,0.0,0.0
2023-11,British Columbia,4115.0,2887.0,62.4,66.0,5.4,2023,11,107,0.0,0.0
2023-12,British Columbia,6585.0,2901.8,62.6,66.3,5.6,2023,12,108,0.0,0.0
2024-01,British Columbia,7285.0,2903.7,62.4,65.9,5.3,2024,1,109,0.0,0.0
2024-02,British Columbia,5810.0,2909.7,62.3,65.7,5.2,2024,2,110,0.0,0.0
2024-03,British Columbia,4695.0,2915.3,62.3,65.9,5.6,2024,3,111,0.0,0.0
2024-04,British Columbia,5400.0,2928.9,62.3,65.7,5.1,2024,4,112,0.0,0.0
2024-05,British Columbia,6280.0,2923.2,62.0,65.6,5.5,2024,5,113,0.0,0.0
2024-06,British Columbia,5115.0,2916.9,61.7,65.2,5.4,2024,6,114,0.0,0.0
2024-07,British Columbia,5970.0,2916.6,61.5,65.2,5.7,2024,7,115,0.0,0.0
2024-08,British Columbia,5770.0,2914.4,61.3,65.0,5.7,2024,8,116,0.0,0.0
2024-09,British Columbia,4065.0,2900.4,60.8,64.6,5.9,2024,9,117,0.0,0.0
2024-10,British Columbia,3870.0,2912.1,60.9,64.6,5.7,2024,10,118,0.0,0.0
2024-11,British Columbia,4755.0,2916.1,60.9,64.7,5.9,2024,11,119,0.0,0.0
2024-12,British Columbia,4115.0,2925.6,61.0,64.8,6.0,2024,12,120,0.0,0.0
2025-01,British Columbia,5095.0,2946.9,61.3,65.2,6.0,2025,1,121,0.0,0.0
2025-02,British Columbia,5265.0,2940.4,61.1,65.0,6.0,2025,2,122,0.0,0.0
2025-03,British Columbia,4570.0,2944.9,61.1,65.0,6.1,2025,3,123,0.0,0.0
2025-04,British Columbia,3420.0,2948.6,61.1,65.1,6.2,2025,4,124,0.0,0.0
2025-05,British Columbia,4375.0,2958.7,61.2,65.5,6.5,2025,5,125,0.0,0.0
2025-06,British Columbia,4945.0,2960.6,61.2,64.9,5.7,2025,6,126,0.0,0.0
2025-07,British Columbia,4790.0,2952.4,61.0,64.8,6.0,2025,7,127,0.0,0.0
2025-08,British Columbia,4320.0,2935.4,60.6,64.7,6.3,2025,8,128,0.0,0.0
2025-09,British Columbia,3915.0,2943.5,60.7,64.9,6.4,2025,9,129,0.0,0.0
2025-10,British Columbia,4005.0,2940.5,60.6,65.0,6.6,2025,10,130,0.0,0.0
2025-11,British Columbia,2925.0,2949.5,60.8,65.0,6.4,2025,11,131,0.0,0.0
2025-12,British Columbia,3050.0,2944.1,60.7,64.9,6.3,2025,12,132,0.0,0.0
2015-01,Manitoba,715.0,635.7,64.9,69.0,6.0,2015,1,1,0.0,0.0
2015-02,Manitoba,920.0,635.7,64.8,68.6,5.5,2015,2,2,0.0,0.0
2015-03,Manitoba,1435.0,641.2,65.4,69.0,5.3,2015,3,3,0.0,0.0
2015-04,Manitoba,1240.0,640.3,65.2,69.0,5.4,2015,4,4,0.0,0.0
2015-05,Manitoba,1260.0,637.0,64.9,68.8,5.7,2015,5,5,0.0,0.0
2015-06,Manitoba,1535.0,639.5,65.0,68.6,5.2,2015,6,6,0.0,0.0
2015-07,Manitoba,1545.0,633.8,64.4,68.3,5.8,2015,7,7,0.0,0.0
2015-08,Manitoba,1150.0,636.1,64.5,68.7,6.0,2015,8,8,0.0,0.0
2015-09,Manitoba,1375.0,640.7,64.9,68.9,5.7,2015,9,9,0.0,0.0
2015-10,Manitoba,1500.0,641.1,64.9,68.7,5.5,2015,10,10,0.0,0.0
2015-11,Manitoba,1135.0,639.4,64.7,68.8,6.1,2015,11,11,0.0,0.0
2015-12,Manitoba,1075.0,637.0,64.3,68.4,5.9,2015,12,12,0.0,0.0
2016-01,Manitoba,1185.0,630.6,63.6,67.8,6.1,2016,1,13,0.0,0.0
2016-02,Manitoba,1560.0,635.5,64.0,68.1,5.9,2016,2,14,0.0,0.0
2016-03,Manitoba,1630.0,639.2,64.3,68.3,5.9,2016,3,15,0.0,0.0
2016-04,Manitoba,1675.0,637.9,64.1,68.3,6.0,2016,4,16,0.0,0.0
2016-05,Manitoba,1735.0,638.6,64.1,68.2,6.0,2016,5,17,0.0,0.0
2016-06,Manitoba,1875.0,636.6,63.8,68.0,6.2,2016,6,18,0.0,0.0
2016-07,Manitoba,1570.0,639.3,64.0,68.3,6.3,2016,7,19,0.0,0.0
2016-08,Manitoba,1405.0,638.4,63.8,67.8,6.0,2016,8,20,0.0,0.0
2016-09,Manitoba,1220.0,638.6,63.7,68.1,6.4,2016,9,21,0.0,0.0
2016-10,Manitoba,1020.0,638.5,63.6,67.8,6.1,2016,10,22,0.0,0.0
2016-11,Manitoba,955.0,639.1,63.6,67.6,5.8,2016,11,23,0.0,0.0
2016-12,Manitoba,995.0,640.7,63.7,67.7,5.8,2016,12,24,0.0,0.0
2017-01,Manitoba,1105.0,640.6,63.6,67.7,6.0,2017,1,25,0.0,0.0
2017-02,Manitoba,1165.0,643.3,63.8,67.7,5.8,2017,2,26,0.0,0.0
2017-03,Manitoba,1620.0,644.3,63.8,67.6,5.7,2017,3,27,0.0,0.0
2017-04,Manitoba,1465.0,645.7,63.9,67.5,5.4,2017,4,28,0.0,0.0
2017-05,Manitoba,1460.0,647.5,64.0,67.5,5.2,2017,5,29,0.0,0.0
2017-06,Manitoba,1580.0,648.0,63.9,67.4,5.1,2017,6,30,0.0,0.0
2017-07,Manitoba,1320.0,652.9,64.3,67.6,4.8,2017,7,31,0.0,0.0
2017-08,Manitoba,1205.0,653.0,64.2,67.5,4.8,2017,8,32,0.0,0.0
2017-09,Manitoba,1240.0,650.3,63.9,67.5,5.3,2017,9,33,0.0,0.0
2017-10,Manitoba,935.0,652.3,64.0,67.4,5.1,2017,10,34,0.0,0.0
2017-11,Manitoba,805.0,650.7,63.8,67.5,5.5,2017,11,35,0.0,0.0
2017-12,Manitoba,745.0,650.1,63.7,67.4,5.5,2017,12,36,0.0,0.0
2018-01,Manitoba,970.0,649.3,63.5,67.4,5.7,2018,1,37,0.0,0.0
2018-02,Manitoba,1070.0,646.6,63.2,67.3,6.1,2018,2,38,0.0,0.0
2018-03,Manitoba,1390.0,648.4,63.3,67.6,6.4,2018,3,39,0.0,0.0
2018-04,Manitoba,1520.0,650.4,63.4,67.6,6.2,2018,4,40,0.0,0.0
2018-05,Manitoba,1595.0,650.8,63.4,67.5,6.2,2018,5,41,0.0,0.0
2018-06,Manitoba,1380.0,654.3,63.6,67.6,6.0,2018,6,42,0.0,0.0
2018-07,Manitoba,1220.0,654.0,63.5,67.6,6.0,2018,7,43,0.0,0.0
2018-08,Manitoba,1210.0,657.3,63.8,67.6,5.6,2018,8,44,0.0,0.0
2018-09,Manitoba,1450.0,655.9,63.6,67.4,5.7,2018,9,45,0.0,0.0
2018-10,Manitoba,1340.0,655.0,63.4,67.6,6.2,2018,10,46,0.0,0.0
2018-11,Manitoba,1080.0,657.8,63.6,67.6,5.8,2018,11,47,0.0,0.0
2018-12,Manitoba,995.0,658.0,63.6,67.6,5.9,2018,12,48,0.0,0.0
2019-01,Manitoba,840.0,661.5,63.9,67.9,5.9,2019,1,49,0.0,0.0
2019-02,Manitoba,960.0,659.0,63.6,67.4,5.6,2019,2,50,0.0,0.0
2019-03,Manitoba,1430.0,660.3,63.6,67.2,5.3,2019,3,51,0.0,0.0
2019-04,Manitoba,1300.0,662.8,63.8,67.2,5.1,2019,4,52,0.0,0.0
2019-05,Manitoba,1915.0,662.3,63.7,67.1,5.1,2019,5,53,0.0,0.0
2019-06,Manitoba,2165.0,661.6,63.5,67.3,5.5,2019,6,54,0.0,0.0
2019-07,Manitoba,1960.0,660.0,63.3,67.1,5.8,2019,7,55,0.0,0.0
2019-08,Manitoba,2095.0,662.8,63.5,66.9,5.2,2019,8,56,0.0,0.0
2019-09,Manitoba,2050.0,663.6,63.4,66.8,5.0,2019,9,57,0.0,0.0
2019-10,Manitoba,1775.0,661.9,63.2,66.8,5.3,2019,10,58,0.0,0.0
2019-11,Manitoba,1350.0,661.4,63.1,66.9,5.6,2019,11,59,0.0,0.0
2019-12,Manitoba,1030.0,664.5,63.3,66.6,4.9,2019,12,60,0.0,0.0
2020-01,Manitoba,1050.0,669.7,63.8,67.3,5.2,2020,1,61,1.0,0.0
2020-02,Manitoba,1125.0,669.8,63.7,67.3,5.3,2020,2,62,1.0,0.0
2020-03,Manitoba,840.0,639.3,60.8,65.1,6.6,2020,3,63,1.0,0.0
2020-04,Manitoba,255.0,576.3,54.8,61.9,11.5,2020,4,64,1.0,0.0
2020-05,Manitoba,475.0,589.1,56.0,63.5,11.9,2020,5,65,1.0,0.0
2020-06,Manitoba,735.0,620.2,58.9,65.8,10.5,2020,6,66,1.0,0.0
2020-07,Manitoba,800.0,635.3,60.3,66.1,8.8,2020,7,67,1.0,0.0
2020-08,Manitoba,470.0,643.9,61.1,66.4,8.0,2020,8,68,1.0,0.0
2020-09,Manitoba,980.0,661.6,62.7,67.8,7.5,2020,9,69,1.0,0.0
2020-10,Manitoba,680.0,656.4,62.1,66.9,7.1,2020,10,70,0.0,0.0
2020-11,Manitoba,720.0,639.1,60.5,65.6,7.8,2020,11,71,0.0,0.0
2020-12,Manitoba,480.0,632.1,59.8,65.3,8.4,2020,12,72,0.0,0.0
2021-01,Manitoba,1410.0,636.6,60.2,65.6,8.2,2021,1,73,0.0,1.0
2021-02,Manitoba,1100.0,650.2,61.4,66.0,7.0,2021,2,74,0.0,1.0
2021-03,Manitoba,880.0,656.1,61.9,66.5,6.9,2021,3,75,0.0,1.0
2021-04,Manitoba,980.0,664.6,62.7,67.5,7.2,2021,4,76,0.0,1.0
2021-05,Manitoba,410.0,661.1,62.3,66.9,6.9,2021,5,77,0.0,1.0
2021-06,Manitoba,1270.0,655.2,61.7,66.8,7.6,2021,6,78,0.0,1.0
2021-07,Manitoba,1860.0,667.6,62.8,66.8,6.1,2021,7,79,0.0,1.0
2021-08,Manitoba,1225.0,664.9,62.5,66.3,5.7,2021,8,80,0.0,1.0
2021-09,Manitoba,1600.0,676.4,63.5,67.4,5.7,2021,9,81,0.0,1.0
2021-10,Manitoba,1840.0,676.7,63.5,66.8,5.0,2021,10,82,0.0,1.0
2021-11,Manitoba,1990.0,678.1,63.5,67.0,5.2,2021,11,83,0.0,1.0
2021-12,Manitoba,2020.0,681.1,63.7,67.2,5.2,2021,12,84,0.0,1.0
2022-01,Manitoba,1490.0,684.9,64.0,67.4,5.0,2022,1,85,0.0,0.0
2022-02,Manitoba,1870.0,690.7,64.4,67.4,4.5,2022,2,86,0.0,0.0
2022-03,Manitoba,1805.0,684.3,63.7,66.8,4.6,2022,3,87,0.0,0.0
2022-04,Manitoba,1500.0,687.2,63.9,67.1,4.8,2022,4,88,0.0,0.0
2022-05,Manitoba,1870.0,683.2,63.4,66.4,4.5,2022,5,89,0.0,0.0
2022-06,Manitoba,2285.0,687.3,63.7,66.4,4.0,2022,6,90,0.0,0.0
2022-07,Manitoba,2075.0,687.7,63.7,66.2,3.9,2022,7,91,0.0,0.0
2022-08,Manitoba,1805.0,680.4,62.9,66.2,5.0,2022,8,92,0.0,0.0
2022-09,Manitoba,2505.0,687.5,63.5,66.5,4.6,2022,9,93,0.0,0.0
2022-10,Manitoba,1850.0,693.1,63.9,66.9,4.5,2022,10,94,0.0,0.0
2022-11,Manitoba,1410.0,692.7,63.7,66.5,4.2,2022,11,95,0.0,0.0
2022-12,Manitoba,1210.0,693.8,63.7,66.7,4.5,2022,12,96,0.0,0.0
2023-01,Manitoba,2795.0,692.9,63.5,66.6,4.6,2023,1,97,0.0,0.0
2023-02,Manitoba,3540.0,697.6,63.7,67.0,4.9,2023,2,98,0.0,0.0
2023-03,Manitoba,2520.0,705.6,64.3,67.4,4.7,2023,3,99,0.0,0.0
2023-04,Manitoba,1480.0,700.6,63.7,67.0,4.9,2023,4,100,0.0,0.0
2023-05,Manitoba,2515.0,707.0,64.1,67.5,5.0,2023,5,101,0.0,0.0
2023-06,Manitoba,1895.0,706.4,63.9,67.0,4.8,2023,6,102,0.0,0.0
2023-07,Manitoba,2035.0,703.7,63.4,66.8,5.0,2023,7,103,0.0,0.0
2023-08,Manitoba,1735.0,705.9,63.4,67.1,5.4,2023,8,104,0.0,0.0
2023-09,Manitoba,1265.0,710.7,63.7,67.2,5.2,2023,9,105,0.0,0.0
2023-10,Manitoba,1705.0,712.9,63.8,67.2,5.1,2023,10,106,0.0,0.0
2023-11,Manitoba,1300.0,713.6,63.7,66.9,4.9,2023,11,107,0.0,0.0
2023-12,Manitoba,2140.0,716.6,63.8,66.6,4.2,2023,12,108,0.0,0.0
2024-01,Manitoba,2210.0,724.2,64.2,67.0,4.2,2024,1,109,0.0,0.0
2024-02,Manitoba,1850.0,716.5,63.3,66.5,4.7,2024,2,110,0.0,0.0
2024-03,Manitoba,1615.0,713.7,62.9,66.4,5.3,2024,3,111,0.0,0.0
2024-04,Manitoba,2375.0,716.5,62.9,66.6,5.5,2024,4,112,0.0,0.0
2024-05,Manitoba,2760.0,724.2,63.4,66.7,5.0,2024,5,113,0.0,0.0
2024-06,Manitoba,2605.0,724.7,63.2,66.9,5.5,2024,6,114,0.0,0.0
2024-07,Manitoba,2765.0,722.0,62.7,66.6,5.9,2024,7,115,0.0,0.0
2024-08,Manitoba,2210.0,728.0,63.1,66.9,5.7,2024,8,116,0.0,0.0
2024-09,Manitoba,1840.0,729.9,63.0,66.8,5.6,2024,9,117,0.0,0.0
2024-10,Manitoba,1695.0,731.6,63.1,67.1,6.0,2024,10,118,0.0,0.0
2024-11,Manitoba,1445.0,734.2,63.2,67.1,5.8,2024,11,119,0.0,0.0
2024-12,Manitoba,1330.0,729.6,62.7,67.0,6.3,2024,12,120,0.0,0.0
2025-01,Manitoba,2120.0,731.2,62.8,66.9,6.1,2025,1,121,0.0,0.0
2025-02,Manitoba,1580.0,733.0,62.8,66.9,6.1,2025,2,122,0.0,0.0
2025-03,Manitoba,1685.0,732.5,62.7,66.6,6.0,2025,3,123,0.0,0.0
2025-04,Manitoba,1325.0,737.1,62.9,66.5,5.4,2025,4,124,0.0,0.0
2025-05,Manitoba,1485.0,730.8,62.3,66.2,5.8,2025,5,125,0.0,0.0
2025-06,Manitoba,1950.0,738.2,62.9,66.6,5.5,2025,6,126,0.0,0.0
2025-07,Manitoba,1820.0,741.5,63.1,66.8,5.5,2025,7,127,0.0,0.0
2025-08,Manitoba,1300.0,736.6,62.6,66.5,5.8,2025,8,128,0.0,0.0
2025-09,Manitoba,1515.0,739.4,62.7,66.9,6.2,2025,9,129,0.0,0.0
2025-10,Manitoba,1630.0,736.6,62.4,66.3,5.9,2025,10,130,0.0,0.0
2025-11,Manitoba,1295.0,740.1,62.7,66.7,6.1,2025,11,131,0.0,0.0
2025-12,Manitoba,1245.0,743.1,62.9,66.7,5.7,2025,12,132,0.0,0.0
2015-01,New Brunswick,125.0,356.6,56.8,63.2,10.0,2015,1,1,0.0,0.0
2015-02,New Brunswick,230.0,358.3,57.1,63.4,10.0,2015,2,2,0.0,0.0
2015-03,New Brunswick,270.0,358.1,57.1,63.4,10.0,2015,3,3,0.0,0.0
2015-04,New Brunswick,170.0,356.7,56.9,63.2,10.1,2015,4,4,0.0,0.0
2015-05,New Brunswick,145.0,352.7,56.2,62.5,10.0,2015,5,5,0.0,0.0
2015-06,New Brunswick,235.0,350.6,55.9,62.9,11.2,2015,6,6,0.0,0.0
2015-07,New Brunswick,270.0,350.1,55.8,63.0,11.4,2015,7,7,0.0,0.0
2015-08,New Brunswick,245.0,353.0,56.3,62.8,10.4,2015,8,8,0.0,0.0
2015-09,New Brunswick,250.0,354.9,56.5,62.4,9.4,2015,9,9,0.0,0.0
2015-10,New Brunswick,200.0,357.5,56.9,62.7,9.2,2015,10,10,0.0,0.0
2015-11,New Brunswick,160.0,356.0,56.7,62.3,9.0,2015,11,11,0.0,0.0
2015-12,New Brunswick,280.0,356.3,56.7,62.5,9.3,2015,12,12,0.0,0.0
2016-01,New Brunswick,710.0,355.6,56.6,62.5,9.5,2016,1,13,0.0,0.0
2016-02,New Brunswick,1040.0,352.1,55.9,62.2,10.1,2016,2,14,0.0,0.0
2016-03,New Brunswick,280.0,351.6,55.8,62.2,10.2,2016,3,15,0.0,0.0
2016-04,New Brunswick,285.0,356.8,56.6,62.6,9.5,2016,4,16,0.0,0.0
2016-05,New Brunswick,310.0,355.6,56.4,62.7,10.0,2016,5,17,0.0,0.0
2016-06,New Brunswick,465.0,358.2,56.8,63.0,9.8,2016,6,18,0.0,0.0
2016-07,New Brunswick,440.0,360.8,57.2,63.5,9.9,2016,7,19,0.0,0.0
2016-08,New Brunswick,280.0,359.6,57.0,63.0,9.5,2016,8,20,0.0,0.0
2016-09,New Brunswick,250.0,360.8,57.2,63.5,9.9,2016,9,21,0.0,0.0
2016-10,New Brunswick,220.0,360.2,57.1,63.4,10.0,2016,10,22,0.0,0.0
2016-11,New Brunswick,175.0,360.7,57.1,63.0,9.3,2016,11,23,0.0,0.0
2016-12,New Brunswick,255.0,360.8,57.1,62.9,9.2,2016,12,24,0.0,0.0
2017-01,New Brunswick,210.0,360.6,57.1,62.4,8.6,2017,1,25,0.0,0.0
2017-02,New Brunswick,240.0,359.7,56.9,62.3,8.6,2017,2,26,0.0,0.0
2017-03,New Brunswick,280.0,359.5,56.9,62.2,8.6,2017,3,27,0.0,0.0
2017-04,New Brunswick,320.0,358.9,56.8,62.3,9.0,2017,4,28,0.0,0.0
2017-05,New Brunswick,375.0,358.6,56.7,62.1,8.8,2017,5,29,0.0,0.0
2017-06,New Brunswick,415.0,357.9,56.5,61.7,8.3,2017,6,30,0.0,0.0
2017-07,New Brunswick,365.0,359.9,56.8,61.1,7.0,2017,7,31,0.0,0.0
2017-08,New Brunswick,425.0,358.0,56.5,61.5,8.1,2017,8,32,0.0,0.0
2017-09,New Brunswick,305.0,358.0,56.5,61.4,8.0,2017,9,33,0.0,0.0
2017-10,New Brunswick,295.0,361.0,56.9,62.1,8.3,2017,10,34,0.0,0.0
2017-11,New Brunswick,175.0,359.4,56.7,62.0,8.6,2017,11,35,0.0,0.0
2017-12,New Brunswick,255.0,363.0,57.2,62.2,8.1,2017,12,36,0.0,0.0
2018-01,New Brunswick,285.0,357.2,56.3,61.8,8.9,2018,1,37,0.0,0.0
2018-02,New Brunswick,420.0,359.9,56.7,61.9,8.4,2018,2,38,0.0,0.0
2018-03,New Brunswick,460.0,359.9,56.6,61.7,8.2,2018,3,39,0.0,0.0
2018-04,New Brunswick,360.0,359.9,56.6,61.5,8.0,2018,4,40,0.0,0.0
2018-05,New Brunswick,405.0,360.9,56.7,61.6,7.9,2018,5,41,0.0,0.0
2018-06,New Brunswick,365.0,360.3,56.6,61.6,8.0,2018,6,42,0.0,0.0
2018-07,New Brunswick,445.0,361.3,56.7,61.5,7.7,2018,7,43,0.0,0.0
2018-08,New Brunswick,420.0,359.6,56.4,61.6,8.4,2018,8,44,0.0,0.0
2018-09,New Brunswick,470.0,361.4,56.7,61.5,7.9,2018,9,45,0.0,0.0
2018-10,New Brunswick,370.0,361.2,56.6,61.0,7.2,2018,10,46,0.0,0.0
2018-11,New Brunswick,325.0,361.1,56.6,61.6,8.1,2018,11,47,0.0,0.0
2018-12,New Brunswick,285.0,357.7,56.0,61.2,8.5,2018,12,48,0.0,0.0
2019-01,New Brunswick,210.0,359.8,56.3,61.4,8.2,2019,1,49,0.0,0.0
2019-02,New Brunswick,300.0,360.3,56.4,61.8,8.8,2019,2,50,0.0,0.0
2019-03,New Brunswick,540.0,362.4,56.7,61.7,8.1,2019,3,51,0.0,0.0
2019-04,New Brunswick,530.0,358.6,56.0,61.0,8.2,2019,4,52,0.0,0.0
2019-05,New Brunswick,530.0,362.5,56.6,61.3,7.7,2019,5,53,0.0,0.0
2019-06,New Brunswick,650.0,362.2,56.5,61.6,8.4,2019,6,54,0.0,0.0
2019-07,New Brunswick,750.0,358.5,55.8,61.5,9.2,2019,7,55,0.0,0.0
2019-08,New Brunswick,560.0,364.4,56.7,62.0,8.5,2019,8,56,0.0,0.0
2019-09,New Brunswick,635.0,363.2,56.4,61.3,8.0,2019,9,57,0.0,0.0
2019-10,New Brunswick,530.0,360.7,56.0,61.0,8.3,2019,10,58,0.0,0.0
2019-11,New Brunswick,420.0,361.1,56.0,60.8,7.9,2019,11,59,0.0,0.0
2019-12,New Brunswick,340.0,363.8,56.4,60.9,7.4,2019,12,60,0.0,0.0
2020-01,New Brunswick,395.0,366.5,56.8,61.6,7.8,2020,1,61,1.0,0.0
2020-02,New Brunswick,345.0,367.1,56.8,61.4,7.4,2020,2,62,1.0,0.0
2020-03,New Brunswick,340.0,349.8,54.1,59.6,9.2,2020,3,63,1.0,0.0
2020-04,New Brunswick,55.0,310.3,48.0,56.1,14.4,2020,4,64,1.0,0.0
2020-05,New Brunswick,180.0,327.3,50.6,58.7,13.9,2020,5,65,1.0,0.0
2020-06,New Brunswick,355.0,352.4,54.4,61.4,11.5,2020,6,66,1.0,0.0
2020-07,New Brunswick,295.0,354.2,54.6,61.0,10.4,2020,7,67,1.0,0.0
2020-08,New Brunswick,200.0,354.8,54.7,60.5,9.7,2020,8,68,1.0,0.0
2020-09,New Brunswick,200.0,355.3,54.8,61.7,11.3,2020,9,69,1.0,0.0
2020-10,New Brunswick,170.0,357.6,55.1,61.6,10.5,2020,10,70,0.0,0.0
2020-11,New Brunswick,205.0,361.6,55.7,61.8,9.9,2020,11,71,0.0,0.0
2020-12,New Brunswick,155.0,362.9,55.9,61.9,9.7,2020,12,72,0.0,0.0
2021-01,New Brunswick,260.0,366.5,56.4,61.8,8.8,2021,1,73,0.0,1.0
2021-02,New Brunswick,230.0,363.3,55.8,61.7,9.5,2021,2,74,0.0,1.0
2021-03,New Brunswick,210.0,364.4,55.9,61.7,9.4,2021,3,75,0.0,1.0
2021-04,New Brunswick,220.0,365.1,56.0,61.5,8.9,2021,4,76,0.0,1.0
2021-05,New Brunswick,175.0,365.2,55.9,61.7,9.3,2021,5,77,0.0,1.0
2021-06,New Brunswick,375.0,362.3,55.4,61.6,10.1,2021,6,78,0.0,1.0
2021-07,New Brunswick,595.0,363.4,55.5,61.3,9.5,2021,7,79,0.0,1.0
2021-08,New Brunswick,565.0,360.4,55.0,60.8,9.6,2021,8,80,0.0,1.0
2021-09,New Brunswick,565.0,365.5,55.7,61.6,9.6,2021,9,81,0.0,1.0
2021-10,New Brunswick,630.0,367.2,55.9,61.6,9.4,2021,10,82,0.0,1.0
2021-11,New Brunswick,745.0,369.9,56.2,61.4,8.4,2021,11,83,0.0,1.0
2021-12,New Brunswick,740.0,368.5,55.9,60.5,7.6,2021,12,84,0.0,1.0
2022-01,New Brunswick,600.0,363.9,55.1,60.1,8.4,2022,1,85,0.0,0.0
2022-02,New Brunswick,565.0,368.7,55.7,60.2,7.5,2022,2,86,0.0,0.0
2022-03,New Brunswick,785.0,371.7,56.0,60.4,7.2,2022,3,87,0.0,0.0
2022-04,New Brunswick,750.0,375.4,56.5,60.6,6.9,2022,4,88,0.0,0.0
2022-05,New Brunswick,750.0,373.6,56.0,60.4,7.3,2022,5,89,0.0,0.0
2022-06,New Brunswick,1115.0,376.5,56.3,60.2,6.4,2022,6,90,0.0,0.0
2022-07,New Brunswick,1195.0,375.9,56.1,60.6,7.4,2022,7,91,0.0,0.0
2022-08,New Brunswick,995.0,379.0,56.4,60.7,7.0,2022,8,92,0.0,0.0
2022-09,New Brunswick,1125.0,381.4,56.7,60.6,6.5,2022,9,93,0.0,0.0
2022-10,New Brunswick,960.0,381.5,56.6,61.1,7.4,2022,10,94,0.0,0.0
2022-11,New Brunswick,745.0,378.8,56.1,60.2,7.0,2022,11,95,0.0,0.0
2022-12,New Brunswick,640.0,382.3,56.5,61.0,7.5,2022,12,96,0.0,0.0
2023-01,New Brunswick,1200.0,382.9,56.4,60.7,7.1,2023,1,97,0.0,0.0
2023-02,New Brunswick,895.0,386.8,56.8,60.5,6.1,2023,2,98,0.0,0.0
2023-03,New Brunswick,850.0,389.1,57.0,60.6,5.9,2023,3,99,0.0,0.0
2023-04,New Brunswick,490.0,385.3,56.3,60.2,6.5,2023,4,100,0.0,0.0
2023-05,New Brunswick,960.0,386.5,56.3,60.1,6.3,2023,5,101,0.0,0.0
2023-06,New Brunswick,960.0,385.7,56.1,60.0,6.6,2023,6,102,0.0,0.0
2023-07,New Brunswick,1170.0,389.8,56.5,60.3,6.3,2023,7,103,0.0,0.0
2023-08,New Brunswick,880.0,390.1,56.4,61.0,7.5,2023,8,104,0.0,0.0
2023-09,New Brunswick,830.0,388.7,56.0,60.4,7.2,2023,9,105,0.0,0.0
2023-10,New Brunswick,965.0,391.1,56.3,60.3,6.7,2023,10,106,0.0,0.0
2023-11,New Brunswick,1025.0,393.2,56.5,60.4,6.6,2023,11,107,0.0,0.0
2023-12,New Brunswick,1230.0,394.4,56.5,60.3,6.3,2023,12,108,0.0,0.0
2024-01,New Brunswick,1690.0,395.4,56.5,60.8,7.1,2024,1,109,0.0,0.0
2024-02,New Brunswick,1330.0,396.0,56.4,60.6,6.9,2024,2,110,0.0,0.0
2024-03,New Brunswick,965.0,394.2,56.0,60.9,8.0,2024,3,111,0.0,0.0
2024-04,New Brunswick,1585.0,401.1,56.8,61.1,7.1,2024,4,112,0.0,0.0
2024-05,New Brunswick,1740.0,398.5,56.3,60.7,7.4,2024,5,113,0.0,0.0
2024-06,New Brunswick,1570.0,401.1,56.5,61.1,7.5,2024,6,114,0.0,0.0
2024-07,New Brunswick,1555.0,400.9,56.3,60.5,7.1,2024,7,115,0.0,0.0
2024-08,New Brunswick,1320.0,403.4,56.5,60.3,6.3,2024,8,116,0.0,0.0
2024-09,New Brunswick,1265.0,400.2,55.9,59.8,6.4,2024,9,117,0.0,0.0
2024-10,New Brunswick,995.0,403.6,56.4,60.4,6.7,2024,10,118,0.0,0.0
2024-11,New Brunswick,835.0,400.9,56.0,60.3,7.2,2024,11,119,0.0,0.0
2024-12,New Brunswick,645.0,400.8,55.9,60.5,7.6,2024,12,120,0.0,0.0
2025-01,New Brunswick,1180.0,402.8,56.2,60.0,6.4,2025,1,121,0.0,0.0
2025-02,New Brunswick,1020.0,401.7,56.0,60.4,7.4,2025,2,122,0.0,0.0
2025-03,New Brunswick,1020.0,402.3,56.0,60.1,6.9,2025,3,123,0.0,0.0
2025-04,New Brunswick,785.0,400.8,55.7,59.9,6.9,2025,4,124,0.0,0.0
2025-05,New Brunswick,840.0,407.9,56.7,60.5,6.3,2025,5,125,0.0,0.0
2025-06,New Brunswick,1080.0,406.2,56.4,60.9,7.4,2025,6,126,0.0,0.0
2025-07,New Brunswick,985.0,407.2,56.5,61.1,7.5,2025,7,127,0.0,0.0
2025-08,New Brunswick,740.0,402.1,55.7,60.4,7.7,2025,8,128,0.0,0.0
2025-09,New Brunswick,1250.0,405.8,56.2,61.0,7.9,2025,9,129,0.0,0.0
2025-10,New Brunswick,875.0,404.5,55.9,60.6,7.7,2025,10,130,0.0,0.0
2025-11,New Brunswick,545.0,409.4,56.6,60.5,6.6,2025,11,131,0.0,0.0
2025-12,New Brunswick,620.0,407.5,56.3,60.2,6.5,2025,12,132,0.0,0.0
2015-01,Newfoundland and Labrador,50.0,241.8,54.2,61.4,11.8,2015,1,1,0.0,0.0
2015-02,Newfoundland and Labrador,75.0,240.5,53.9,61.4,12.3,2015,2,2,0.0,0.0
2015-03,Newfoundland and Labrador,75.0,239.3,53.6,61.8,13.4,2015,3,3,0.0,0.0
2015-04,Newfoundland and Labrador,95.0,238.4,53.4,61.7,13.5,2015,4,4,0.0,0.0
2015-05,Newfoundland and Labrador,105.0,237.0,53.1,62.0,14.5,2015,5,5,0.0,0.0
2015-06,Newfoundland and Labrador,70.0,242.7,54.3,62.1,12.5,2015,6,6,0.0,0.0
2015-07,Newfoundland and Labrador,70.0,242.3,54.2,61.7,12.1,2015,7,7,0.0,0.0
2015-08,Newfoundland and Labrador,120.0,242.8,54.3,61.9,12.3,2015,8,8,0.0,0.0
2015-09,Newfoundland and Labrador,95.0,240.1,53.7,62.3,13.9,2015,9,9,0.0,0.0
2015-10,Newfoundland and Labrador,75.0,240.1,53.7,61.8,13.1,2015,10,10,0.0,0.0
2015-11,Newfoundland and Labrador,90.0,239.1,53.4,61.8,13.5,2015,11,11,0.0,0.0
2015-12,Newfoundland and Labrador,200.0,237.4,53.1,61.7,14.0,2015,12,12,0.0,0.0
2016-01,Newfoundland and Labrador,110.0,234.6,52.4,61.3,14.5,2016,1,13,0.0,0.0
2016-02,Newfoundland and Labrador,175.0,236.0,52.7,61.4,14.1,2016,2,14,0.0,0.0
2016-03,Newfoundland and Labrador,135.0,235.1,52.5,60.4,13.2,2016,3,15,0.0,0.0
2016-04,Newfoundland and Labrador,85.0,239.8,53.5,61.4,12.8,2016,4,16,0.0,0.0
2016-05,Newfoundland and Labrador,165.0,238.5,53.2,60.6,12.2,2016,5,17,0.0,0.0
2016-06,Newfoundland and Labrador,105.0,238.5,53.2,60.4,11.9,2016,6,18,0.0,0.0
2016-07,Newfoundland and Labrador,95.0,236.0,52.6,60.5,12.9,2016,7,19,0.0,0.0
2016-08,Newfoundland and Labrador,100.0,237.6,53.0,60.8,12.8,2016,8,20,0.0,0.0
2016-09,Newfoundland and Labrador,70.0,236.0,52.6,60.9,13.6,2016,9,21,0.0,0.0
2016-10,Newfoundland and Labrador,35.0,231.2,51.5,60.5,14.8,2016,10,22,0.0,0.0
2016-11,Newfoundland and Labrador,75.0,231.2,51.5,60.5,14.9,2016,11,23,0.0,0.0
2016-12,Newfoundland and Labrador,55.0,230.5,51.4,60.2,14.8,2016,12,24,0.0,0.0
2017-01,Newfoundland and Labrador,50.0,230.1,51.3,59.9,14.5,2017,1,25,0.0,0.0
2017-02,Newfoundland and Labrador,95.0,227.9,50.8,59.5,14.7,2017,2,26,0.0,0.0
2017-03,Newfoundland and Labrador,115.0,227.3,50.6,59.9,15.5,2017,3,27,0.0,0.0
2017-04,Newfoundland and Labrador,110.0,228.4,50.9,59.7,14.8,2017,4,28,0.0,0.0
2017-05,Newfoundland and Labrador,125.0,228.3,50.9,60.0,15.2,2017,5,29,0.0,0.0
2017-06,Newfoundland and Labrador,110.0,227.5,50.7,59.9,15.4,2017,6,30,0.0,0.0
2017-07,Newfoundland and Labrador,145.0,225.7,50.3,59.3,15.3,2017,7,31,0.0,0.0
2017-08,Newfoundland and Labrador,100.0,224.8,50.1,58.9,15.0,2017,8,32,0.0,0.0
2017-09,Newfoundland and Labrador,120.0,224.4,50.0,58.8,15.0,2017,9,33,0.0,0.0
2017-10,Newfoundland and Labrador,60.0,226.0,50.3,59.2,15.0,2017,10,34,0.0,0.0
2017-11,Newfoundland and Labrador,70.0,226.4,50.4,59.4,15.1,2017,11,35,0.0,0.0
2017-12,Newfoundland and Labrador,85.0,226.9,50.5,59.5,15.1,2017,12,36,0.0,0.0
2018-01,Newfoundland and Labrador,65.0,224.6,50.0,58.9,15.1,2018,1,37,0.0,0.0
2018-02,Newfoundland and Labrador,110.0,225.3,50.2,59.0,15.0,2018,2,38,0.0,0.0
2018-03,Newfoundland and Labrador,120.0,225.8,50.3,59.0,14.8,2018,3,39,0.0,0.0
2018-04,Newfoundland and Labrador,120.0,226.2,50.4,59.2,14.9,2018,4,40,0.0,0.0
2018-05,Newfoundland and Labrador,145.0,226.1,50.4,58.9,14.5,2018,5,41,0.0,0.0
2018-06,Newfoundland and Labrador,145.0,226.8,50.5,59.2,14.7,2018,6,42,0.0,0.0
2018-07,Newfoundland and Labrador,220.0,228.7,51.0,60.0,15.0,2018,7,43,0.0,0.0
2018-08,Newfoundland and Labrador,145.0,228.7,51.0,59.4,14.2,2018,8,44,0.0,0.0
2018-09,Newfoundland and Labrador,115.0,229.8,51.2,58.7,12.7,2018,9,45,0.0,0.0
2018-10,Newfoundland and Labrador,120.0,231.8,51.6,58.5,11.8,2018,10,46,0.0,0.0
2018-11,Newfoundland and Labrador,125.0,229.4,51.1,58.3,12.3,2018,11,47,0.0,0.0
2018-12,Newfoundland and Labrador,95.0,231.0,51.5,58.5,12.1,2018,12,48,0.0,0.0
2019-01,Newfoundland and Labrador,85.0,235.5,52.5,59.4,11.7,2019,1,49,0.0,0.0
2019-02,Newfoundland and Labrador,90.0,234.3,52.2,59.3,12.1,2019,2,50,0.0,0.0
2019-03,Newfoundland and Labrador,100.0,233.8,52.1,59.4,12.3,2019,3,51,0.0,0.0
2019-04,Newfoundland and Labrador,155.0,233.0,51.9,59.0,11.9,2019,4,52,0.0,0.0
2019-05,Newfoundland and Labrador,255.0,230.7,51.4,58.7,12.4,2019,5,53,0.0,0.0
2019-06,Newfoundland and Labrador,140.0,230.1,51.3,58.8,12.8,2019,6,54,0.0,0.0
2019-07,Newfoundland and Labrador,190.0,231.8,51.6,59.2,12.7,2019,7,55,0.0,0.0
2019-08,Newfoundland and Labrador,165.0,230.5,51.3,59.1,13.1,2019,8,56,0.0,0.0
2019-09,Newfoundland and Labrador,200.0,230.2,51.3,57.9,11.4,2019,9,57,0.0,0.0
2019-10,Newfoundland and Labrador,170.0,229.5,51.1,58.1,12.0,2019,10,58,0.0,0.0
2019-11,Newfoundland and Labrador,175.0,228.0,50.8,57.9,12.3,2019,11,59,0.0,0.0
2019-12,Newfoundland and Labrador,130.0,226.3,50.4,57.6,12.5,2019,12,60,0.0,0.0
2020-01,Newfoundland and Labrador,90.0,230.3,51.2,58.2,11.9,2020,1,61,1.0,0.0
2020-02,Newfoundland and Labrador,165.0,227.8,50.7,58.0,12.6,2020,2,62,1.0,0.0
2020-03,Newfoundland and Labrador,105.0,222.6,49.5,56.0,11.6,2020,3,63,1.0,0.0
2020-04,Newfoundland and Labrador,,193.4,43.0,51.0,15.6,2020,4,64,1.0,0.0
2020-05,Newfoundland and Labrador,90.0,197.2,43.9,53.4,17.8,2020,5,65,1.0,0.0
2020-06,Newfoundland and Labrador,75.0,205.5,45.7,55.6,17.7,2020,6,66,1.0,0.0
2020-07,Newfoundland and Labrador,45.0,209.7,46.7,56.4,17.3,2020,7,67,1.0,0.0
2020-08,Newfoundland and Labrador,35.0,215.7,48.0,56.0,14.3,2020,8,68,1.0,0.0
2020-09,Newfoundland and Labrador,50.0,220.5,49.1,57.7,15.0,2020,9,69,1.0,0.0
2020-10,Newfoundland and Labrador,105.0,226.1,50.3,58.1,13.5,2020,10,70,0.0,0.0
2020-11,Newfoundland and Labrador,90.0,228.3,50.8,58.6,13.3,2020,11,71,0.0,0.0
2020-12,Newfoundland and Labrador,35.0,226.7,50.4,58.3,13.4,2020,12,72,0.0,0.0
2021-01,Newfoundland and Labrador,45.0,230.3,51.2,58.4,12.2,2021,1,73,0.0,1.0
2021-02,Newfoundland and Labrador,130.0,214.5,47.7,56.1,14.9,2021,2,74,0.0,1.0
2021-03,Newfoundland and Labrador,80.0,225.1,50.1,57.5,12.9,2021,3,75,0.0,1.0
2021-04,Newfoundland and Labrador,65.0,225.6,50.2,57.6,12.9,2021,4,76,0.0,1.0
2021-05,Newfoundland and Labrador,80.0,222.7,49.5,57.0,13.1,2021,5,77,0.0,1.0
2021-06,Newfoundland and Labrador,115.0,226.5,50.4,57.9,13.0,2021,6,78,0.0,1.0
2021-07,Newfoundland and Labrador,170.0,226.5,50.3,58.0,13.2,2021,7,79,0.0,1.0
2021-08,Newfoundland and Labrador,185.0,225.8,50.2,57.8,13.2,2021,8,80,0.0,1.0
2021-09,Newfoundland and Labrador,225.0,224.5,49.9,57.9,14.0,2021,9,81,0.0,1.0
2021-10,Newfoundland and Labrador,300.0,224.8,49.9,57.8,13.6,2021,10,82,0.0,1.0
2021-11,Newfoundland and Labrador,270.0,230.5,51.2,57.5,11.0,2021,11,83,0.0,1.0
2021-12,Newfoundland and Labrador,385.0,228.2,50.6,57.6,12.1,2021,12,84,0.0,1.0
2022-01,Newfoundland and Labrador,195.0,226.0,50.1,58.0,13.6,2022,1,85,0.0,0.0
2022-02,Newfoundland and Labrador,195.0,232.2,51.4,58.9,12.7,2022,2,86,0.0,0.0
2022-03,Newfoundland and Labrador,235.0,231.1,51.1,59.0,13.3,2022,3,87,0.0,0.0
2022-04,Newfoundland and Labrador,175.0,232.0,51.3,57.9,11.4,2022,4,88,0.0,0.0
2022-05,Newfoundland and Labrador,240.0,236.9,52.3,58.3,10.2,2022,5,89,0.0,0.0
2022-06,Newfoundland and Labrador,270.0,234.9,51.8,57.9,10.4,2022,6,90,0.0,0.0
2022-07,Newfoundland and Labrador,380.0,234.2,51.6,57.9,10.8,2022,7,91,0.0,0.0
2022-08,Newfoundland and Labrador,320.0,235.3,51.9,58.1,10.8,2022,8,92,0.0,0.0
2022-09,Newfoundland and Labrador,400.0,236.1,52.0,57.7,10.0,2022,9,93,0.0,0.0
2022-10,Newfoundland and Labrador,420.0,236.7,52.1,58.2,10.6,2022,10,94,0.0,0.0
2022-11,Newfoundland and Labrador,390.0,237.9,52.3,58.3,10.3,2022,11,95,0.0,0.0
2022-12,Newfoundland and Labrador,275.0,239.8,52.6,58.3,9.6,2022,12,96,0.0,0.0
2023-01,Newfoundland and Labrador,1085.0,236.2,51.8,58.1,10.9,2023,1,97,0.0,0.0
2023-02,Newfoundland and Labrador,505.0,237.8,52.0,57.8,10.0,2023,2,98,0.0,0.0
2023-03,Newfoundland and Labrador,455.0,237.8,51.9,57.9,10.4,2023,3,99,0.0,0.0
2023-04,Newfoundland and Labrador,245.0,237.4,51.8,57.5,9.8,2023,4,100,0.0,0.0
2023-05,Newfoundland and Labrador,405.0,233.4,50.9,56.7,10.2,2023,5,101,0.0,0.0
2023-06,Newfoundland and Labrador,460.0,236.6,51.5,56.7,9.2,2023,6,102,0.0,0.0
2023-07,Newfoundland and Labrador,385.0,238.7,51.9,57.0,9.1,2023,7,103,0.0,0.0
2023-08,Newfoundland and Labrador,340.0,240.4,52.2,57.1,8.6,2023,8,104,0.0,0.0
2023-09,Newfoundland and Labrador,325.0,240.9,52.2,57.7,9.4,2023,9,105,0.0,0.0
2023-10,Newfoundland and Labrador,450.0,239.8,51.9,57.7,9.9,2023,10,106,0.0,0.0
2023-11,Newfoundland and Labrador,385.0,240.3,52.0,57.6,9.8,2023,11,107,0.0,0.0
2023-12,Newfoundland and Labrador,445.0,241.4,52.2,58.1,10.3,2023,12,108,0.0,0.0
2024-01,Newfoundland and Labrador,490.0,247.8,53.5,59.4,10.0,2024,1,109,0.0,0.0
2024-02,Newfoundland and Labrador,485.0,246.6,53.2,59.0,10.0,2024,2,110,0.0,0.0
2024-03,Newfoundland and Labrador,410.0,245.9,52.9,58.9,10.1,2024,3,111,0.0,0.0
2024-04,Newfoundland and Labrador,515.0,244.6,52.6,58.2,9.6,2024,4,112,0.0,0.0
2024-05,Newfoundland and Labrador,540.0,242.7,52.1,57.7,9.8,2024,5,113,0.0,0.0
2024-06,Newfoundland and Labrador,560.0,246.8,52.9,58.4,9.5,2024,6,114,0.0,0.0
2024-07,Newfoundland and Labrador,670.0,245.7,52.6,58.2,9.7,2024,7,115,0.0,0.0
2024-08,Newfoundland and Labrador,480.0,244.6,52.3,58.3,10.3,2024,8,116,0.0,0.0
2024-09,Newfoundland and Labrador,470.0,245.6,52.4,58.4,10.2,2024,9,117,0.0,0.0
2024-10,Newfoundland and Labrador,395.0,243.7,52.0,58.0,10.4,2024,10,118,0.0,0.0
2024-11,Newfoundland and Labrador,405.0,241.8,51.6,57.7,10.7,2024,11,119,0.0,0.0
2024-12,Newfoundland and Labrador,335.0,243.4,51.9,57.8,10.3,2024,12,120,0.0,0.0
2025-01,Newfoundland and Labrador,655.0,243.1,51.8,57.8,10.4,2025,1,121,0.0,0.0
2025-02,Newfoundland and Labrador,475.0,243.0,51.7,57.7,10.5,2025,2,122,0.0,0.0
2025-03,Newfoundland and Labrador,435.0,244.7,52.0,57.8,10.1,2025,3,123,0.0,0.0
2025-04,Newfoundland and Labrador,345.0,248.0,52.7,58.3,9.7,2025,4,124,0.0,0.0
2025-05,Newfoundland and Labrador,345.0,247.4,52.5,58.2,9.7,2025,5,125,0.0,0.0
2025-06,Newfoundland and Labrador,465.0,244.8,52.0,57.5,9.6,2025,6,126,0.0,0.0
2025-07,Newfoundland and Labrador,445.0,245.7,52.1,58.3,10.6,2025,7,127,0.0,0.0
2025-08,Newfoundland and Labrador,325.0,242.3,51.4,57.5,10.7,2025,8,128,0.0,0.0
2025-09,Newfoundland and Labrador,455.0,241.0,51.1,57.1,10.5,2025,9,129,0.0,0.0
2025-10,Newfoundland and Labrador,410.0,245.2,51.9,57.8,10.2,2025,10,130,0.0,0.0
2025-11,Newfoundland and Labrador,335.0,243.4,51.5,57.5,10.4,2025,11,131,0.0,0.0
2025-12,Newfoundland and Labrador,380.0,243.5,51.5,57.6,10.5,2025,12,132,0.0,0.0
2015-01,Nova Scotia,130.0,449.2,57.7,63.3,8.9,2015,1,1,0.0,0.0
2015-02,Nova Scotia,185.0,444.3,57.1,62.9,9.2,2015,2,2,0.0,0.0
2015-03,Nova Scotia,285.0,442.2,56.9,62.8,9.5,2015,3,3,0.0,0.0
2015-04,Nova Scotia,230.0,437.5,56.3,62.5,9.8,2015,4,4,0.0,0.0
2015-05,Nova Scotia,285.0,441.1,56.8,62.4,9.1,2015,5,5,0.0,0.0
2015-06,Nova Scotia,320.0,441.2,56.8,62.1,8.5,2015,6,6,0.0,0.0
2015-07,Nova Scotia,335.0,446.4,57.4,62.6,8.3,2015,7,7,0.0,0.0
2015-08,Nova Scotia,365.0,442.8,57.0,62.1,8.3,2015,8,8,0.0,0.0
2015-09,Nova Scotia,370.0,445.1,57.2,62.6,8.6,2015,9,9,0.0,0.0
2015-10,Nova Scotia,315.0,447.4,57.5,62.4,7.9,2015,10,10,0.0,0.0
2015-11,Nova Scotia,270.0,443.3,57.0,62.7,9.2,2015,11,11,0.0,0.0
2015-12,Nova Scotia,340.0,440.3,56.6,62.2,9.1,2015,12,12,0.0,0.0
2016-01,Nova Scotia,695.0,438.8,56.3,62.0,9.1,2016,1,13,0.0,0.0
2016-02,Nova Scotia,705.0,441.5,56.6,62.2,8.9,2016,2,14,0.0,0.0
2016-03,Nova Scotia,475.0,441.6,56.6,62.1,8.8,2016,3,15,0.0,0.0
2016-04,Nova Scotia,515.0,443.7,56.9,61.8,8.0,2016,4,16,0.0,0.0
2016-05,Nova Scotia,545.0,439.0,56.2,61.7,8.8,2016,5,17,0.0,0.0
2016-06,Nova Scotia,565.0,444.0,56.8,61.8,8.0,2016,6,18,0.0,0.0
2016-07,Nova Scotia,420.0,440.7,56.3,61.6,8.5,2016,7,19,0.0,0.0
2016-08,Nova Scotia,395.0,441.7,56.4,61.5,8.3,2016,8,20,0.0,0.0
2016-09,Nova Scotia,315.0,441.3,56.3,61.3,8.2,2016,9,21,0.0,0.0
2016-10,Nova Scotia,255.0,442.1,56.4,61.2,7.9,2016,10,22,0.0,0.0
2016-11,Nova Scotia,360.0,444.9,56.7,61.8,8.2,2016,11,23,0.0,0.0
2016-12,Nova Scotia,275.0,444.1,56.6,61.9,8.6,2016,12,24,0.0,0.0
2017-01,Nova Scotia,345.0,444.8,56.6,61.8,8.4,2017,1,25,0.0,0.0
2017-02,Nova Scotia,360.0,442.6,56.3,61.6,8.6,2017,2,26,0.0,0.0
2017-03,Nova Scotia,430.0,444.7,56.5,62.3,9.2,2017,3,27,0.0,0.0
2017-04,Nova Scotia,330.0,445.2,56.5,62.0,8.8,2017,4,28,0.0,0.0
2017-05,Nova Scotia,445.0,446.9,56.7,61.9,8.5,2017,5,29,0.0,0.0
2017-06,Nova Scotia,435.0,443.7,56.2,61.8,9.0,2017,6,30,0.0,0.0
2017-07,Nova Scotia,375.0,446.0,56.4,61.5,8.2,2017,7,31,0.0,0.0
2017-08,Nova Scotia,380.0,445.0,56.3,61.5,8.5,2017,8,32,0.0,0.0
2017-09,Nova Scotia,400.0,445.4,56.2,61.9,9.1,2017,9,33,0.0,0.0
2017-10,Nova Scotia,345.0,444.3,56.1,61.4,8.7,2017,10,34,0.0,0.0
2017-11,Nova Scotia,295.0,444.4,56.0,61.7,9.1,2017,11,35,0.0,0.0
2017-12,Nova Scotia,375.0,448.4,56.5,61.6,8.2,2017,12,36,0.0,0.0
2018-01,Nova Scotia,360.0,446.2,56.2,61.5,8.6,2018,1,37,0.0,0.0
2018-02,Nova Scotia,470.0,448.7,56.5,61.8,8.7,2018,2,38,0.0,0.0
2018-03,Nova Scotia,515.0,448.4,56.4,61.5,8.3,2018,3,39,0.0,0.0
2018-04,Nova Scotia,555.0,450.2,56.6,61.0,7.3,2018,4,40,0.0,0.0
2018-05,Nova Scotia,505.0,448.2,56.2,60.8,7.5,2018,5,41,0.0,0.0
2018-06,Nova Scotia,575.0,447.9,56.1,60.9,7.9,2018,6,42,0.0,0.0
2018-07,Nova Scotia,570.0,449.6,56.2,61.4,8.4,2018,7,43,0.0,0.0
2018-08,Nova Scotia,505.0,452.0,56.5,61.6,8.3,2018,8,44,0.0,0.0
2018-09,Nova Scotia,625.0,456.2,56.9,61.8,7.9,2018,9,45,0.0,0.0
2018-10,Nova Scotia,560.0,457.4,57.0,61.7,7.6,2018,10,46,0.0,0.0
2018-11,Nova Scotia,420.0,456.0,56.8,61.2,7.2,2018,11,47,0.0,0.0
2018-12,Nova Scotia,325.0,458.6,57.1,61.5,7.1,2018,12,48,0.0,0.0
2019-01,Nova Scotia,370.0,459.9,57.2,61.8,7.4,2019,1,49,0.0,0.0
2019-02,Nova Scotia,385.0,458.9,57.0,61.4,7.1,2019,2,50,0.0,0.0
2019-03,Nova Scotia,515.0,459.8,57.1,61.3,6.9,2019,3,51,0.0,0.0
2019-04,Nova Scotia,545.0,459.6,57.0,61.6,7.4,2019,4,52,0.0,0.0
2019-05,Nova Scotia,835.0,465.3,57.7,62.0,7.1,2019,5,53,0.0,0.0
2019-06,Nova Scotia,750.0,467.1,57.8,62.2,7.1,2019,6,54,0.0,0.0
2019-07,Nova Scotia,1025.0,465.2,57.4,62.1,7.5,2019,7,55,0.0,0.0
2019-08,Nova Scotia,675.0,465.2,57.3,62.3,8.0,2019,8,56,0.0,0.0
2019-09,Nova Scotia,785.0,466.9,57.4,61.9,7.3,2019,9,57,0.0,0.0
2019-10,Nova Scotia,765.0,467.3,57.4,62.3,7.8,2019,10,58,0.0,0.0
2019-11,Nova Scotia,505.0,465.0,57.0,62.2,8.3,2019,11,59,0.0,0.0
2019-12,Nova Scotia,445.0,466.5,57.1,62.2,8.1,2019,12,60,0.0,0.0
2020-01,Nova Scotia,400.0,468.2,57.3,62.3,8.1,2020,1,61,1.0,0.0
2020-02,Nova Scotia,455.0,469.9,57.5,62.9,8.6,2020,2,62,1.0,0.0
2020-03,Nova Scotia,335.0,439.7,53.7,59.6,9.9,2020,3,63,1.0,0.0
2020-04,Nova Scotia,45.0,396.8,48.4,55.5,12.8,2020,4,64,1.0,0.0
2020-05,Nova Scotia,360.0,402.4,49.0,57.4,14.6,2020,5,65,1.0,0.0
2020-06,Nova Scotia,455.0,433.4,52.7,61.1,13.8,2020,6,66,1.0,0.0
2020-07,Nova Scotia,250.0,444.2,53.9,60.6,10.9,2020,7,67,1.0,0.0
2020-08,Nova Scotia,240.0,448.5,54.4,60.4,10.0,2020,8,68,1.0,0.0
2020-09,Nova Scotia,250.0,463.1,56.1,60.8,7.6,2020,9,69,1.0,0.0
2020-10,Nova Scotia,225.0,462.8,56.1,61.4,8.7,2020,10,70,0.0,0.0
2020-11,Nova Scotia,285.0,470.7,57.0,61.2,6.8,2020,11,71,0.0,0.0
2020-12,Nova Scotia,225.0,465.5,56.4,61.6,8.5,2020,12,72,0.0,0.0
2021-01,Nova Scotia,325.0,473.4,57.3,63.0,9.0,2021,1,73,0.0,1.0
2021-02,Nova Scotia,340.0,475.0,57.4,62.8,8.5,2021,2,74,0.0,1.0
2021-03,Nova Scotia,330.0,474.0,57.2,63.0,9.2,2021,3,75,0.0,1.0
2021-04,Nova Scotia,245.0,475.3,57.3,62.6,8.4,2021,4,76,0.0,1.0
2021-05,Nova Scotia,295.0,455.3,54.8,61.2,10.5,2021,5,77,0.0,1.0
2021-06,Nova Scotia,545.0,473.0,56.8,62.3,8.7,2021,6,78,0.0,1.0
2021-07,Nova Scotia,825.0,477.5,57.3,62.6,8.5,2021,7,79,0.0,1.0
2021-08,Nova Scotia,1095.0,478.4,57.3,62.3,8.0,2021,8,80,0.0,1.0
2021-09,Nova Scotia,1165.0,482.4,57.7,62.7,7.9,2021,9,81,0.0,1.0
2021-10,Nova Scotia,1125.0,480.8,57.4,62.3,7.9,2021,10,82,0.0,1.0
2021-11,Nova Scotia,1535.0,480.6,57.3,62.7,8.7,2021,11,83,0.0,1.0
2021-12,Nova Scotia,1340.0,482.1,57.4,62.0,7.5,2021,12,84,0.0,1.0
2022-01,Nova Scotia,1035.0,483.1,57.4,61.8,7.1,2022,1,85,0.0,0.0
2022-02,Nova Scotia,980.0,485.8,57.6,61.5,6.5,2022,2,86,0.0,0.0
2022-03,Nova Scotia,1230.0,483.5,57.2,61.5,7.0,2022,3,87,0.0,0.0
2022-04,Nova Scotia,995.0,491.4,58.0,61.7,6.1,2022,4,88,0.0,0.0
2022-05,Nova Scotia,1120.0,492.6,57.9,62.3,7.0,2022,5,89,0.0,0.0
2022-06,Nova Scotia,1400.0,493.7,57.9,61.9,6.5,2022,6,90,0.0,0.0
2022-07,Nova Scotia,1500.0,492.4,57.6,61.6,6.4,2022,7,91,0.0,0.0
2022-08,Nova Scotia,1130.0,492.1,57.4,62.1,7.5,2022,8,92,0.0,0.0
2022-09,Nova Scotia,1310.0,496.0,57.8,61.6,6.2,2022,9,93,0.0,0.0
2022-10,Nova Scotia,815.0,495.6,57.7,61.9,6.8,2022,10,94,0.0,0.0
2022-11,Nova Scotia,495.0,500.8,58.2,61.7,5.7,2022,11,95,0.0,0.0
2022-12,Nova Scotia,650.0,500.5,58.1,62.0,6.3,2022,12,96,0.0,0.0
2023-01,Nova Scotia,1745.0,503.3,58.3,61.6,5.4,2023,1,97,0.0,0.0
2023-02,Nova Scotia,1115.0,501.5,57.9,61.5,5.9,2023,2,98,0.0,0.0
2023-03,Nova Scotia,1080.0,501.7,57.7,61.3,5.9,2023,3,99,0.0,0.0
2023-04,Nova Scotia,625.0,503.8,57.8,61.7,6.3,2023,4,100,0.0,0.0
2023-05,Nova Scotia,920.0,500.0,57.2,60.9,6.1,2023,5,101,0.0,0.0
2023-06,Nova Scotia,925.0,503.7,57.5,61.5,6.5,2023,6,102,0.0,0.0
2023-07,Nova Scotia,940.0,505.9,57.6,62.3,7.5,2023,7,103,0.0,0.0
2023-08,Nova Scotia,1035.0,501.4,56.9,61.1,6.8,2023,8,104,0.0,0.0
2023-09,Nova Scotia,640.0,503.2,57.0,61.4,7.1,2023,9,105,0.0,0.0
2023-10,Nova Scotia,795.0,513.2,58.0,62.0,6.5,2023,10,106,0.0,0.0
2023-11,Nova Scotia,680.0,512.6,57.8,62.0,6.7,2023,11,107,0.0,0.0
2023-12,Nova Scotia,1310.0,515.3,58.0,61.7,6.0,2023,12,108,0.0,0.0
2024-01,Nova Scotia,1795.0,517.3,58.0,62.5,7.1,2024,1,109,0.0,0.0
2024-02,Nova Scotia,1255.0,524.6,58.7,62.5,6.1,2024,2,110,0.0,0.0
2024-03,Nova Scotia,970.0,522.8,58.4,62.5,6.6,2024,3,111,0.0,0.0
2024-04,Nova Scotia,1545.0,522.9,58.3,62.0,6.0,2024,4,112,0.0,0.0
2024-05,Nova Scotia,1595.0,519.1,57.7,61.7,6.6,2024,5,113,0.0,0.0
2024-06,Nova Scotia,1195.0,520.1,57.7,61.6,6.5,2024,6,114,0.0,0.0
2024-07,Nova Scotia,1360.0,516.3,57.1,61.3,6.8,2024,7,115,0.0,0.0
2024-08,Nova Scotia,1475.0,520.5,57.5,61.5,6.6,2024,8,116,0.0,0.0
2024-09,Nova Scotia,785.0,522.5,57.6,61.5,6.4,2024,9,117,0.0,0.0
2024-10,Nova Scotia,870.0,522.5,57.5,61.3,6.2,2024,10,118,0.0,0.0
2024-11,Nova Scotia,860.0,523.5,57.6,61.5,6.3,2024,11,119,0.0,0.0
2024-12,Nova Scotia,570.0,527.7,58.0,62.0,6.4,2024,12,120,0.0,0.0
2025-01,Nova Scotia,1140.0,526.3,57.9,61.6,6.1,2025,1,121,0.0,0.0
2025-02,Nova Scotia,920.0,522.1,57.3,61.4,6.7,2025,2,122,0.0,0.0
2025-03,Nova Scotia,795.0,523.5,57.4,61.2,6.1,2025,3,123,0.0,0.0
2025-04,Nova Scotia,565.0,516.3,56.6,61.0,7.2,2025,4,124,0.0,0.0
2025-05,Nova Scotia,760.0,526.2,57.7,61.7,6.5,2025,5,125,0.0,0.0
2025-06,Nova Scotia,885.0,522.1,57.2,61.3,6.8,2025,6,126,0.0,0.0
2025-07,Nova Scotia,880.0,525.5,57.5,61.8,6.9,2025,7,127,0.0,0.0
2025-08,Nova Scotia,730.0,523.9,57.3,61.3,6.5,2025,8,128,0.0,0.0
2025-09,Nova Scotia,840.0,524.6,57.3,61.1,6.2,2025,9,129,0.0,0.0
2025-10,Nova Scotia,670.0,521.4,56.9,61.0,6.7,2025,10,130,0.0,0.0
2025-11,Nova Scotia,480.0,524.2,57.2,61.2,6.6,2025,11,131,0.0,0.0
2025-12,Nova Scotia,510.0,524.2,57.1,61.0,6.4,2025,12,132,0.0,0.0
2015-01,Ontario,5320.0,6820.6,60.7,65.3,7.0,2015,1,1,0.0,0.0
2015-02,Ontario,6590.0,6846.7,60.9,65.5,7.0,2015,2,2,0.0,0.0
2015-03,Ontario,7860.0,6854.1,61.0,65.5,6.9,2015,3,3,0.0,0.0
2015-04,Ontario,7610.0,6838.8,60.8,65.3,6.9,2015,4,4,0.0,0.0
2015-05,Ontario,9510.0,6867.8,61.0,65.2,6.5,2015,5,5,0.0,0.0
2015-06,Ontario,10575.0,6876.7,61.0,65.3,6.6,2015,6,6,0.0,0.0
2015-07,Ontario,10375.0,6873.6,60.9,65.4,6.8,2015,7,7,0.0,0.0
2015-08,Ontario,9120.0,6884.1,61.0,65.5,6.9,2015,8,8,0.0,0.0
2015-09,Ontario,10165.0,6855.2,60.7,65.2,6.9,2015,9,9,0.0,0.0
2015-10,Ontario,8895.0,6862.7,60.7,65.2,7.0,2015,10,10,0.0,0.0
2015-11,Ontario,7860.0,6858.3,60.6,65.1,6.9,2015,11,11,0.0,0.0
2015-12,Ontario,9695.0,6884.4,60.8,65.2,6.8,2015,12,12,0.0,0.0
2016-01,Ontario,10300.0,6906.0,60.9,65.3,6.7,2016,1,13,0.0,0.0
2016-02,Ontario,11835.0,6908.2,60.8,65.2,6.8,2016,2,14,0.0,0.0
2016-03,Ontario,9580.0,6911.5,60.8,65.3,6.9,2016,3,15,0.0,0.0
2016-04,Ontario,10390.0,6907.3,60.7,65.4,7.2,2016,4,16,0.0,0.0
2016-05,Ontario,10795.0,6938.4,60.9,65.2,6.5,2016,5,17,0.0,0.0
2016-06,Ontario,11055.0,6944.4,60.9,65.1,6.5,2016,6,18,0.0,0.0
2016-07,Ontario,9465.0,6918.4,60.5,64.6,6.3,2016,7,19,0.0,0.0
2016-08,Ontario,7485.0,6930.8,60.6,64.7,6.5,2016,8,20,0.0,0.0
2016-09,Ontario,7835.0,6939.8,60.6,64.7,6.5,2016,9,21,0.0,0.0
2016-10,Ontario,7560.0,6955.6,60.6,64.7,6.4,2016,10,22,0.0,0.0
2016-11,Ontario,6215.0,6981.6,60.8,64.9,6.3,2016,11,23,0.0,0.0
2016-12,Ontario,7365.0,6986.1,60.7,64.9,6.5,2016,12,24,0.0,0.0
2017-01,Ontario,7320.0,7028.9,61.0,65.3,6.6,2017,1,25,0.0,0.0
2017-02,Ontario,8210.0,7037.0,61.0,65.2,6.3,2017,2,26,0.0,0.0
2017-03,Ontario,9760.0,7040.4,61.0,65.1,6.3,2017,3,27,0.0,0.0
2017-04,Ontario,8565.0,7048.1,61.0,64.9,6.0,2017,4,28,0.0,0.0
2017-05,Ontario,8980.0,7079.1,61.1,65.3,6.4,2017,5,29,0.0,0.0
2017-06,Ontario,9725.0,7085.8,61.1,65.2,6.2,2017,6,30,0.0,0.0
2017-07,Ontario,10095.0,7132.4,61.4,65.4,6.0,2017,7,31,0.0,0.0
2017-08,Ontario,8725.0,7135.9,61.3,64.9,5.5,2017,8,32,0.0,0.0
2017-09,Ontario,9245.0,7161.5,61.5,65.3,5.8,2017,9,33,0.0,0.0
2017-10,Ontario,9695.0,7177.4,61.5,65.3,5.8,2017,10,34,0.0,0.0
2017-11,Ontario,9320.0,7207.7,61.7,65.5,5.9,2017,11,35,0.0,0.0
2017-12,Ontario,12370.0,7205.4,61.6,65.4,5.9,2017,12,36,0.0,0.0
2018-01,Ontario,10915.0,7172.1,61.2,64.9,5.7,2018,1,37,0.0,0.0
2018-02,Ontario,11165.0,7174.2,61.1,64.7,5.6,2018,2,38,0.0,0.0
2018-03,Ontario,13175.0,7204.7,61.3,64.9,5.6,2018,3,39,0.0,0.0
2018-04,Ontario,12195.0,7209.2,61.2,64.6,5.3,2018,4,40,0.0,0.0
2018-05,Ontario,12285.0,7201.1,61.0,64.8,5.8,2018,5,41,0.0,0.0
2018-06,Ontario,13315.0,7239.8,61.2,65.1,5.9,2018,6,42,0.0,0.0
2018-07,Ontario,12065.0,7306.4,61.7,65.3,5.5,2018,7,43,0.0,0.0
2018-08,Ontario,10040.0,7226.9,60.9,64.6,5.8,2018,8,44,0.0,0.0
2018-09,Ontario,11140.0,7288.2,61.4,65.0,5.7,2018,9,45,0.0,0.0
2018-10,Ontario,11120.0,7292.3,61.3,64.9,5.5,2018,10,46,0.0,0.0
2018-11,Ontario,10270.0,7289.1,61.2,64.9,5.7,2018,11,47,0.0,0.0
2018-12,Ontario,9780.0,7307.8,61.3,64.9,5.5,2018,12,48,0.0,0.0
2019-01,Ontario,8530.0,7322.6,61.3,65.0,5.6,2019,1,49,0.0,0.0
2019-02,Ontario,9800.0,7358.8,61.6,65.2,5.6,2019,2,50,0.0,0.0
2019-03,Ontario,12825.0,7344.4,61.4,65.2,5.9,2019,3,51,0.0,0.0
2019-04,Ontario,12540.0,7381.4,61.6,65.5,5.9,2019,4,52,0.0,0.0
2019-05,Ontario,15285.0,7403.4,61.7,65.1,5.2,2019,5,53,0.0,0.0
2019-06,Ontario,15705.0,7403.6,61.6,65.1,5.3,2019,6,54,0.0,0.0
2019-07,Ontario,16330.0,7391.8,61.4,65.1,5.7,2019,7,55,0.0,0.0
2019-08,Ontario,14140.0,7446.6,61.7,65.4,5.6,2019,8,56,0.0,0.0
2019-09,Ontario,15455.0,7458.7,61.7,65.2,5.5,2019,9,57,0.0,0.0
2019-10,Ontario,13450.0,7444.6,61.5,65.0,5.5,2019,10,58,0.0,0.0
2019-11,Ontario,10635.0,7471.4,61.6,65.2,5.5,2019,11,59,0.0,0.0
2019-12,Ontario,8665.0,7506.1,61.8,65.2,5.2,2019,12,60,0.0,0.0
2020-01,Ontario,11330.0,7516.9,61.8,65.2,5.2,2020,1,61,1.0,0.0
2020-02,Ontario,12290.0,7501.2,61.6,65.2,5.6,2020,2,62,1.0,0.0
2020-03,Ontario,8725.0,7036.8,57.7,63.0,8.5,2020,3,63,1.0,0.0
2020-04,Ontario,2265.0,6346.9,51.9,59.1,12.1,2020,4,64,1.0,0.0
2020-05,Ontario,4740.0,6334.0,51.8,60.4,14.2,2020,5,65,1.0,0.0
2020-06,Ontario,9065.0,6751.4,55.1,63.1,12.6,2020,6,66,1.0,0.0
2020-07,Ontario,5790.0,6913.9,56.4,63.7,11.4,2020,7,67,1.0,0.0
2020-08,Ontario,5120.0,7047.5,57.4,64.1,10.4,2020,8,68,1.0,0.0
2020-09,Ontario,6350.0,7234.2,58.9,65.1,9.6,2020,9,69,1.0,0.0
2020-10,Ontario,6775.0,7278.1,59.2,65.3,9.4,2020,10,70,0.0,0.0
2020-11,Ontario,6280.0,7302.9,59.4,65.2,9.0,2020,11,71,0.0,0.0
2020-12,Ontario,4235.0,7288.2,59.2,65.7,9.9,2020,12,72,0.0,0.0
2021-01,Ontario,11840.0,7112.7,57.8,64.3,10.2,2021,1,73,0.0,1.0
2021-02,Ontario,11515.0,7227.6,58.7,64.8,9.5,2021,2,74,0.0,1.0
2021-03,Ontario,11650.0,7371.8,59.8,64.9,7.8,2021,3,75,0.0,1.0
2021-04,Ontario,10245.0,7228.9,58.7,64.7,9.4,2021,4,76,0.0,1.0
2021-05,Ontario,9245.0,7196.4,58.4,64.5,9.4,2021,5,77,0.0,1.0
2021-06,Ontario,18865.0,7324.7,59.4,65.1,8.8,2021,6,78,0.0,1.0
2021-07,Ontario,18470.0,7429.9,60.1,65.3,7.9,2021,7,79,0.0,1.0
2021-08,Ontario,18435.0,7463.1,60.3,65.3,7.7,2021,8,80,0.0,1.0
2021-09,Ontario,22090.0,7553.1,61.0,65.9,7.4,2021,9,81,0.0,1.0
2021-10,Ontario,22460.0,7596.9,61.2,65.7,6.7,2021,10,82,0.0,1.0
2021-11,Ontario,23545.0,7662.2,61.7,65.9,6.5,2021,11,83,0.0,1.0
2021-12,Ontario,20945.0,7716.4,62.0,66.2,6.3,2021,12,84,0.0,1.0
2022-01,Ontario,17250.0,7552.3,60.6,65.4,7.4,2022,1,85,0.0,0.0
2022-02,Ontario,16055.0,7737.9,62.0,65.7,5.7,2022,2,86,0.0,0.0
2022-03,Ontario,17355.0,7753.1,62.0,65.6,5.4,2022,3,87,0.0,0.0
2022-04,Ontario,16200.0,7784.2,62.2,65.9,5.6,2022,4,88,0.0,0.0
2022-05,Ontario,16060.0,7791.0,62.2,65.7,5.4,2022,5,89,0.0,0.0
2022-06,Ontario,18545.0,7773.1,61.9,65.3,5.1,2022,6,90,0.0,0.0
2022-07,Ontario,17595.0,7788.2,62.0,65.3,5.1,2022,7,91,0.0,0.0
2022-08,Ontario,13960.0,7772.8,61.7,65.2,5.4,2022,8,92,0.0,0.0
2022-09,Ontario,18585.0,7751.2,61.4,65.0,5.5,2022,9,93,0.0,0.0
2022-10,Ontario,14900.0,7804.3,61.7,65.3,5.5,2022,10,94,0.0,0.0
2022-11,Ontario,9560.0,7819.5,61.7,65.4,5.6,2022,11,95,0.0,0.0
2022-12,Ontario,8925.0,7864.0,62.0,65.4,5.3,2022,12,96,0.0,0.0
2023-01,Ontario,21610.0,7900.4,62.1,65.6,5.3,2023,1,97,0.0,0.0
2023-02,Ontario,19345.0,7932.1,62.2,65.6,5.2,2023,2,98,0.0,0.0
2023-03,Ontario,19905.0,7961.7,62.3,65.7,5.3,2023,3,99,0.0,0.0
2023-04,Ontario,14215.0,7992.2,62.3,65.6,5.0,2023,4,100,0.0,0.0
2023-05,Ontario,20815.0,7981.3,62.1,65.7,5.5,2023,5,101,0.0,0.0
2023-06,Ontario,19915.0,8029.9,62.3,66.0,5.6,2023,6,102,0.0,0.0
2023-07,Ontario,17985.0,8037.7,62.1,65.8,5.6,2023,7,103,0.0,0.0
2023-08,Ontario,15290.0,8052.4,62.0,65.8,5.8,2023,8,104,0.0,0.0
2023-09,Ontario,13875.0,8067.1,62.0,65.8,5.8,2023,9,105,0.0,0.0
2023-10,Ontario,14670.0,8055.4,61.7,65.7,6.2,2023,10,106,0.0,0.0
2023-11,Ontario,14005.0,8063.9,61.6,65.5,6.1,2023,11,107,0.0,0.0
2023-12,Ontario,15190.0,8038.2,61.2,65.2,6.2,2023,12,108,0.0,0.0
2024-01,Ontario,21960.0,8051.0,61.0,65.0,6.1,2024,1,109,0.0,0.0
2024-02,Ontario,15695.0,8054.6,60.9,65.2,6.6,2024,2,110,0.0,0.0
2024-03,Ontario,15130.0,8092.5,61.0,65.4,6.8,2024,3,111,0.0,0.0
2024-04,Ontario,17520.0,8114.1,60.9,65.3,6.8,2024,4,112,0.0,0.0
2024-05,Ontario,18105.0,8152.5,61.0,65.4,6.7,2024,5,113,0.0,0.0
2024-06,Ontario,18215.0,8155.4,60.8,65.4,7.0,2024,6,114,0.0,0.0
2024-07,Ontario,19660.0,8175.1,60.8,65.2,6.8,2024,7,115,0.0,0.0
2024-08,Ontario,14450.0,8170.3,60.6,65.3,7.2,2024,8,116,0.0,0.0
2024-09,Ontario,17200.0,8203.1,60.6,65.2,7.0,2024,9,117,0.0,0.0
2024-10,Ontario,16055.0,8180.2,60.3,64.9,7.1,2024,10,118,0.0,0.0
2024-11,Ontario,16700.0,8172.9,60.2,65.3,7.8,2024,11,119,0.0,0.0
2024-12,Ontario,15165.0,8210.0,60.3,65.2,7.5,2024,12,120,0.0,0.0
2025-01,Ontario,14930.0,8234.2,60.4,65.4,7.6,2025,1,121,0.0,0.0
2025-02,Ontario,16410.0,8245.7,60.4,65.2,7.4,2025,2,122,0.0,0.0
2025-03,Ontario,15995.0,8221.6,60.2,65.1,7.5,2025,3,123,0.0,0.0
2025-04,Ontario,12790.0,8193.6,59.9,64.9,7.8,2025,4,124,0.0,0.0
2025-05,Ontario,15115.0,8198.1,59.9,65.0,7.9,2025,5,125,0.0,0.0
2025-06,Ontario,16140.0,8208.3,59.9,64.9,7.8,2025,6,126,0.0,0.0
2025-07,Ontario,16165.0,8216.3,59.9,65.0,7.8,2025,7,127,0.0,0.0
2025-08,Ontario,12885.0,8190.3,59.7,64.7,7.7,2025,8,128,0.0,0.0
2025-09,Ontario,14155.0,8200.2,59.7,64.8,7.9,2025,9,129,0.0,0.0
2025-10,Ontario,14560.0,8252.5,60.1,65.0,7.6,2025,10,130,0.0,0.0
2025-11,Ontario,10200.0,8256.4,60.1,64.8,7.4,2025,11,131,0.0,0.0
2025-12,Ontario,10315.0,8274.5,60.2,65.4,7.9,2025,12,132,0.0,0.0
2015-01,Prince Edward Island,45.0,73.4,61.4,68.9,10.8,2015,1,1,0.0,0.0
2015-02,Prince Edward Island,65.0,73.7,61.7,68.5,9.9,2015,2,2,0.0,0.0
2015-03,Prince Edward Island,90.0,73.1,61.2,68.9,11.1,2015,3,3,0.0,0.0
2015-04,Prince Edward Island,75.0,72.7,60.8,68.3,10.9,2015,4,4,0.0,0.0
2015-05,Prince Edward Island,120.0,72.0,60.3,67.7,11.0,2015,5,5,0.0,0.0
2015-06,Prince Edward Island,95.0,72.4,60.6,68.3,11.3,2015,6,6,0.0,0.0
2015-07,Prince Edward Island,130.0,71.9,60.1,67.9,11.5,2015,7,7,0.0,0.0
2015-08,Prince Edward Island,130.0,71.7,59.9,67.5,11.3,2015,8,8,0.0,0.0
2015-09,Prince Edward Island,105.0,72.7,60.7,67.4,9.9,2015,9,9,0.0,0.0
2015-10,Prince Edward Island,125.0,73.7,61.5,68.4,10.0,2015,10,10,0.0,0.0
2015-11,Prince Edward Island,90.0,73.0,60.8,68.3,10.9,2015,11,11,0.0,0.0
2015-12,Prince Edward Island,120.0,72.9,60.7,67.4,10.0,2015,12,12,0.0,0.0
2016-01,Prince Edward Island,145.0,72.6,60.3,67.2,10.1,2016,1,13,0.0,0.0
2016-02,Prince Edward Island,260.0,72.8,60.4,67.6,10.6,2016,2,14,0.0,0.0
2016-03,Prince Edward Island,155.0,72.3,59.9,66.7,10.2,2016,3,15,0.0,0.0
2016-04,Prince Edward Island,245.0,71.9,59.5,66.5,10.7,2016,4,16,0.0,0.0
2016-05,Prince Edward Island,175.0,71.3,58.9,66.0,10.7,2016,5,17,0.0,0.0
2016-06,Prince Edward Island,335.0,71.3,58.8,66.0,10.9,2016,6,18,0.0,0.0
2016-07,Prince Edward Island,325.0,72.0,59.3,65.7,9.6,2016,7,19,0.0,0.0
2016-08,Prince Edward Island,220.0,71.6,58.9,67.2,12.3,2016,8,20,0.0,0.0
2016-09,Prince Edward Island,150.0,72.2,59.3,67.2,11.7,2016,9,21,0.0,0.0
2016-10,Prince Edward Island,85.0,71.8,58.9,67.2,12.3,2016,10,22,0.0,0.0
2016-11,Prince Edward Island,130.0,72.4,59.3,66.9,11.3,2016,11,23,0.0,0.0
2016-12,Prince Edward Island,90.0,72.8,59.6,66.7,10.8,2016,12,24,0.0,0.0
2017-01,Prince Edward Island,150.0,74.0,60.6,66.9,9.5,2017,1,25,0.0,0.0
2017-02,Prince Edward Island,165.0,73.6,60.2,67.1,10.4,2017,2,26,0.0,0.0
2017-03,Prince Edward Island,290.0,73.6,60.0,66.8,10.1,2017,3,27,0.0,0.0
2017-04,Prince Edward Island,290.0,74.2,60.3,67.1,10.1,2017,4,28,0.0,0.0
2017-05,Prince Edward Island,145.0,74.6,60.5,67.6,10.4,2017,5,29,0.0,0.0
2017-06,Prince Edward Island,220.0,74.5,60.4,67.3,10.2,2017,6,30,0.0,0.0
2017-07,Prince Edward Island,210.0,73.9,59.8,66.5,10.1,2017,7,31,0.0,0.0
2017-08,Prince Edward Island,240.0,74.3,60.0,66.0,9.2,2017,8,32,0.0,0.0
2017-09,Prince Edward Island,180.0,73.6,59.4,66.5,10.7,2017,9,33,0.0,0.0
2017-10,Prince Edward Island,195.0,73.3,59.1,66.6,11.4,2017,10,34,0.0,0.0
2017-11,Prince Edward Island,130.0,74.8,60.2,66.5,9.6,2017,11,35,0.0,0.0
2017-12,Prince Edward Island,125.0,75.2,60.5,67.3,10.2,2017,12,36,0.0,0.0
2018-01,Prince Edward Island,100.0,74.6,59.9,67.3,11.0,2018,1,37,0.0,0.0
2018-02,Prince Edward Island,145.0,75.4,60.5,67.3,10.1,2018,2,38,0.0,0.0
2018-03,Prince Edward Island,235.0,75.0,60.0,67.2,10.6,2018,3,39,0.0,0.0
2018-04,Prince Edward Island,165.0,75.0,60.0,67.9,11.8,2018,4,40,0.0,0.0
2018-05,Prince Edward Island,180.0,75.8,60.4,66.9,9.5,2018,5,41,0.0,0.0
2018-06,Prince Edward Island,175.0,76.6,60.9,67.1,9.0,2018,6,42,0.0,0.0
2018-07,Prince Edward Island,210.0,76.4,60.6,67.2,9.9,2018,7,43,0.0,0.0
2018-08,Prince Edward Island,235.0,76.3,60.4,66.9,9.6,2018,8,44,0.0,0.0
2018-09,Prince Edward Island,240.0,77.3,61.1,67.3,9.2,2018,9,45,0.0,0.0
2018-10,Prince Edward Island,175.0,77.0,60.8,66.9,9.1,2018,10,46,0.0,0.0
2018-11,Prince Edward Island,130.0,76.7,60.5,67.0,9.7,2018,11,47,0.0,0.0
2018-12,Prince Edward Island,135.0,75.8,59.7,66.7,10.3,2018,12,48,0.0,0.0
2019-01,Prince Edward Island,135.0,76.0,59.8,66.5,10.1,2019,1,49,0.0,0.0
2019-02,Prince Edward Island,190.0,76.4,60.0,66.6,9.9,2019,2,50,0.0,0.0
2019-03,Prince Edward Island,220.0,77.2,60.5,66.7,9.4,2019,3,51,0.0,0.0
2019-04,Prince Edward Island,220.0,77.7,60.7,66.9,9.2,2019,4,52,0.0,0.0
2019-05,Prince Edward Island,195.0,77.3,60.3,66.0,8.7,2019,5,53,0.0,0.0
2019-06,Prince Edward Island,185.0,77.8,60.5,66.8,9.3,2019,6,54,0.0,0.0
2019-07,Prince Edward Island,325.0,78.6,61.1,67.0,8.8,2019,7,55,0.0,0.0
2019-08,Prince Edward Island,275.0,78.0,60.5,66.4,9.0,2019,8,56,0.0,0.0
2019-09,Prince Edward Island,255.0,79.2,61.3,66.9,8.4,2019,9,57,0.0,0.0
2019-10,Prince Edward Island,155.0,79.5,61.3,66.7,7.9,2019,10,58,0.0,0.0
2019-11,Prince Edward Island,160.0,79.1,60.9,65.9,7.6,2019,11,59,0.0,0.0
2019-12,Prince Edward Island,130.0,80.8,62.1,67.2,7.6,2019,12,60,0.0,0.0
2020-01,Prince Edward Island,185.0,81.1,62.2,67.1,7.3,2020,1,61,1.0,0.0
2020-02,Prince Edward Island,175.0,80.3,61.4,66.9,8.2,2020,2,62,1.0,0.0
2020-03,Prince Edward Island,135.0,76.9,58.6,64.7,9.4,2020,3,63,1.0,0.0
2020-04,Prince Edward Island,20.0,69.6,52.9,59.7,11.5,2020,4,64,1.0,0.0
2020-05,Prince Edward Island,65.0,71.3,54.1,63.1,14.2,2020,5,65,1.0,0.0
2020-06,Prince Edward Island,195.0,74.1,56.1,65.9,14.8,2020,6,66,1.0,0.0
2020-07,Prince Edward Island,60.0,75.5,57.0,64.6,11.6,2020,7,67,1.0,0.0
2020-08,Prince Edward Island,80.0,77.3,58.4,64.9,10.0,2020,8,68,1.0,0.0
2020-09,Prince Edward Island,115.0,77.1,58.2,65.0,10.6,2020,9,69,1.0,0.0
2020-10,Prince Edward Island,95.0,77.1,58.1,64.9,10.5,2020,10,70,0.0,0.0
2020-11,Prince Edward Island,130.0,77.5,58.4,65.6,10.9,2020,11,71,0.0,0.0
2020-12,Prince Edward Island,35.0,77.2,58.2,65.1,10.6,2020,12,72,0.0,0.0
2021-01,Prince Edward Island,110.0,78.1,58.9,64.3,8.4,2021,1,73,0.0,1.0
2021-02,Prince Edward Island,175.0,77.6,58.3,64.7,9.9,2021,2,74,0.0,1.0
2021-03,Prince Edward Island,80.0,79.1,59.3,65.0,8.8,2021,3,75,0.0,1.0
2021-04,Prince Edward Island,90.0,78.9,59.0,65.4,9.7,2021,4,76,0.0,1.0
2021-05,Prince Edward Island,65.0,79.4,59.3,66.2,10.5,2021,5,77,0.0,1.0
2021-06,Prince Edward Island,175.0,78.9,58.7,67.0,12.4,2021,6,78,0.0,1.0
2021-07,Prince Edward Island,430.0,80.5,59.7,66.9,10.8,2021,7,79,0.0,1.0
2021-08,Prince Edward Island,315.0,80.3,59.3,66.3,10.8,2021,8,80,0.0,1.0
2021-09,Prince Edward Island,320.0,80.2,59.0,66.7,11.5,2021,9,81,0.0,1.0
2021-10,Prince Edward Island,285.0,80.9,59.4,65.7,9.6,2021,10,82,0.0,1.0
2021-11,Prince Edward Island,280.0,83.0,60.8,66.7,8.9,2021,11,83,0.0,1.0
2021-12,Prince Edward Island,285.0,84.2,61.4,67.0,8.5,2021,12,84,0.0,1.0
2022-01,Prince Edward Island,200.0,82.4,59.9,66.2,9.6,2022,1,85,0.0,0.0
2022-02,Prince Edward Island,245.0,83.7,60.7,67.1,9.6,2022,2,86,0.0,0.0
2022-03,Prince Edward Island,205.0,84.6,61.1,67.0,8.8,2022,3,87,0.0,0.0
2022-04,Prince Edward Island,255.0,84.1,60.5,66.0,8.3,2022,4,88,0.0,0.0
2022-05,Prince Edward Island,290.0,85.4,61.3,66.5,7.9,2022,5,89,0.0,0.0
2022-06,Prince Edward Island,320.0,86.4,61.8,65.8,5.9,2022,6,90,0.0,0.0
2022-07,Prince Edward Island,315.0,84.4,60.3,64.4,6.2,2022,7,91,0.0,0.0
2022-08,Prince Edward Island,260.0,84.6,60.3,65.2,7.5,2022,8,92,0.0,0.0
2022-09,Prince Edward Island,255.0,81.8,58.2,63.8,8.8,2022,9,93,0.0,0.0
2022-10,Prince Edward Island,140.0,85.3,60.5,64.8,6.6,2022,10,94,0.0,0.0
2022-11,Prince Edward Island,85.0,82.3,58.2,62.6,7.0,2022,11,95,0.0,0.0
2022-12,Prince Edward Island,90.0,84.1,59.4,63.0,5.7,2022,12,96,0.0,0.0
2023-01,Prince Edward Island,640.0,84.1,59.1,63.9,7.5,2023,1,97,0.0,0.0
2023-02,Prince Edward Island,325.0,85.9,60.1,64.5,7.0,2023,2,98,0.0,0.0
2023-03,Prince Edward Island,310.0,87.1,60.6,65.1,6.9,2023,3,99,0.0,0.0
2023-04,Prince Edward Island,140.0,88.4,61.3,66.4,7.6,2023,4,100,0.0,0.0
2023-05,Prince Edward Island,300.0,89.4,61.7,66.4,7.2,2023,5,101,0.0,0.0
2023-06,Prince Edward Island,250.0,87.6,60.3,65.6,8.1,2023,6,102,0.0,0.0
2023-07,Prince Edward Island,320.0,89.2,61.2,66.2,7.6,2023,7,103,0.0,0.0
2023-08,Prince Edward Island,345.0,90.9,62.1,67.3,7.7,2023,8,104,0.0,0.0
2023-09,Prince Edward Island,165.0,92.7,63.1,67.5,6.6,2023,9,105,0.0,0.0
2023-10,Prince Edward Island,255.0,92.6,63.0,67.1,6.2,2023,10,106,0.0,0.0
2023-11,Prince Edward Island,170.0,91.8,62.2,67.3,7.6,2023,11,107,0.0,0.0
2023-12,Prince Edward Island,400.0,92.0,62.2,67.5,7.8,2023,12,108,0.0,0.0
2024-01,Prince Edward Island,545.0,92.2,62.1,67.0,7.3,2024,1,109,0.0,0.0
2024-02,Prince Edward Island,420.0,91.9,61.7,66.4,7.0,2024,2,110,0.0,0.0
2024-03,Prince Edward Island,360.0,91.3,61.1,66.2,7.7,2024,3,111,0.0,0.0
2024-04,Prince Edward Island,500.0,91.8,61.2,66.2,7.5,2024,4,112,0.0,0.0
2024-05,Prince Edward Island,365.0,91.9,61.0,65.9,7.4,2024,5,113,0.0,0.0
2024-06,Prince Edward Island,300.0,92.5,61.2,66.6,8.1,2024,6,114,0.0,0.0
2024-07,Prince Edward Island,405.0,91.5,60.4,66.0,8.5,2024,7,115,0.0,0.0
2024-08,Prince Edward Island,365.0,92.8,61.1,66.4,8.0,2024,8,116,0.0,0.0
2024-09,Prince Edward Island,210.0,93.1,61.1,65.4,6.5,2024,9,117,0.0,0.0
2024-10,Prince Edward Island,215.0,92.5,60.7,66.9,9.2,2024,10,118,0.0,0.0
2024-11,Prince Edward Island,190.0,94.8,62.2,67.5,8.0,2024,11,119,0.0,0.0
2024-12,Prince Edward Island,95.0,94.3,61.9,67.6,8.3,2024,12,120,0.0,0.0
2025-01,Prince Edward Island,385.0,94.0,61.7,66.5,7.3,2025,1,121,0.0,0.0
2025-02,Prince Edward Island,225.0,93.6,61.3,66.5,7.9,2025,2,122,0.0,0.0
2025-03,Prince Edward Island,210.0,93.4,61.1,66.2,7.7,2025,3,123,0.0,0.0
2025-04,Prince Edward Island,145.0,93.6,61.1,65.7,7.0,2025,4,124,0.0,0.0
2025-05,Prince Edward Island,180.0,92.0,60.0,65.4,8.5,2025,5,125,0.0,0.0
2025-06,Prince Edward Island,220.0,92.0,59.7,65.4,8.5,2025,6,126,0.0,0.0
2025-07,Prince Edward Island,165.0,92.9,60.2,65.8,8.6,2025,7,127,0.0,0.0
2025-08,Prince Edward Island,125.0,94.2,61.0,66.3,8.0,2025,8,128,0.0,0.0
2025-09,Prince Edward Island,160.0,93.1,60.2,66.6,9.5,2025,9,129,0.0,0.0
2025-10,Prince Edward Island,175.0,93.5,60.4,65.8,8.2,2025,10,130,0.0,0.0
2025-11,Prince Edward Island,130.0,94.1,60.6,65.6,7.6,2025,11,131,0.0,0.0
2025-12,Prince Edward Island,110.0,94.9,61.1,65.8,7.1,2025,12,132,0.0,0.0
2015-01,Quebec,2090.0,4033.7,59.8,64.8,7.6,2015,1,1,0.0,0.0
2015-02,Quebec,2920.0,4048.8,60.1,65.0,7.6,2015,2,2,0.0,0.0
2015-03,Quebec,4205.0,4052.6,60.1,65.2,7.8,2015,3,3,0.0,0.0
2015-04,Quebec,4070.0,4052.9,60.1,65.1,7.6,2015,4,4,0.0,0.0
2015-05,Quebec,4315.0,4043.9,60.0,65.1,7.9,2015,5,5,0.0,0.0
2015-06,Quebec,5055.0,4014.0,59.5,64.7,8.1,2015,6,6,0.0,0.0
2015-07,Quebec,5350.0,4050.9,60.0,65.0,7.7,2015,7,7,0.0,0.0
2015-08,Quebec,4080.0,4046.4,59.9,65.1,7.9,2015,8,8,0.0,0.0
2015-09,Quebec,4300.0,4050.4,60.0,64.9,7.6,2015,9,9,0.0,0.0
2015-10,Quebec,4005.0,4039.2,59.8,64.7,7.6,2015,10,10,0.0,0.0
2015-11,Quebec,3590.0,4037.9,59.7,64.7,7.7,2015,11,11,0.0,0.0
2015-12,Quebec,5025.0,4034.3,59.7,64.8,7.8,2015,12,12,0.0,0.0
2016-01,Quebec,4335.0,4030.2,59.6,64.6,7.8,2016,1,13,0.0,0.0
2016-02,Quebec,5195.0,4035.0,59.6,64.7,7.8,2016,2,14,0.0,0.0
2016-03,Quebec,4345.0,4020.4,59.4,64.5,7.9,2016,3,15,0.0,0.0
2016-04,Quebec,4375.0,4032.4,59.6,64.7,8.0,2016,4,16,0.0,0.0
2016-05,Quebec,5165.0,4054.3,59.9,64.6,7.4,2016,5,17,0.0,0.0
2016-06,Quebec,5625.0,4053.8,59.8,64.5,7.2,2016,6,18,0.0,0.0
2016-07,Quebec,5820.0,4052.6,59.7,64.4,7.2,2016,7,19,0.0,0.0
2016-08,Quebec,4675.0,4081.6,60.1,64.6,6.9,2016,8,20,0.0,0.0
2016-09,Quebec,4210.0,4110.4,60.5,64.9,6.8,2016,9,21,0.0,0.0
2016-10,Quebec,3310.0,4103.9,60.4,64.6,6.6,2016,10,22,0.0,0.0
2016-11,Quebec,2735.0,4115.7,60.5,64.5,6.2,2016,11,23,0.0,0.0
2016-12,Quebec,3455.0,4115.4,60.5,64.7,6.6,2016,12,24,0.0,0.0
2017-01,Quebec,3295.0,4109.3,60.4,64.5,6.5,2017,1,25,0.0,0.0
2017-02,Quebec,3825.0,4121.1,60.5,64.6,6.4,2017,2,26,0.0,0.0
2017-03,Quebec,5750.0,4133.6,60.6,64.5,6.0,2017,3,27,0.0,0.0
2017-04,Quebec,5045.0,4139.9,60.7,64.8,6.3,2017,4,28,0.0,0.0
2017-05,Quebec,4940.0,4130.5,60.5,64.5,6.1,2017,5,29,0.0,0.0
2017-06,Quebec,6105.0,4167.6,61.0,65.1,6.2,2017,6,30,0.0,0.0
2017-07,Quebec,5850.0,4179.6,61.1,64.9,5.9,2017,7,31,0.0,0.0
2017-08,Quebec,4185.0,4187.0,61.2,65.2,6.2,2017,8,32,0.0,0.0
2017-09,Quebec,3820.0,4187.0,61.1,64.9,5.9,2017,9,33,0.0,0.0
2017-10,Quebec,3110.0,4205.0,61.3,65.3,6.1,2017,10,34,0.0,0.0
2017-11,Quebec,3210.0,4208.3,61.3,64.9,5.5,2017,11,35,0.0,0.0
2017-12,Quebec,3250.0,4231.2,61.6,65.0,5.3,2017,12,36,0.0,0.0
2018-01,Quebec,2640.0,4237.6,61.7,65.1,5.3,2018,1,37,0.0,0.0
2018-02,Quebec,3605.0,4227.8,61.5,65.4,5.9,2018,2,38,0.0,0.0
2018-03,Quebec,4790.0,4247.9,61.7,65.3,5.5,2018,3,39,0.0,0.0
2018-04,Quebec,4390.0,4234.7,61.5,65.0,5.4,2018,4,40,0.0,0.0
2018-05,Quebec,4175.0,4253.7,61.7,65.2,5.3,2018,5,41,0.0,0.0
2018-06,Quebec,4880.0,4249.7,61.6,65.1,5.4,2018,6,42,0.0,0.0
2018-07,Quebec,5190.0,4239.2,61.4,65.0,5.6,2018,7,43,0.0,0.0
2018-08,Quebec,5010.0,4228.7,61.2,65.0,5.8,2018,8,44,0.0,0.0
2018-09,Quebec,5145.0,4225.8,61.1,64.6,5.4,2018,9,45,0.0,0.0
2018-10,Quebec,4490.0,4245.7,61.4,64.6,5.0,2018,10,46,0.0,0.0
2018-11,Quebec,3535.0,4265.3,61.6,65.0,5.2,2018,11,47,0.0,0.0
2018-12,Quebec,3265.0,4278.5,61.8,65.1,5.2,2018,12,48,0.0,0.0
2019-01,Quebec,2475.0,4272.5,61.6,65.0,5.2,2019,1,49,0.0,0.0
2019-02,Quebec,2355.0,4282.2,61.8,65.2,5.2,2019,2,50,0.0,0.0
2019-03,Quebec,3215.0,4267.3,61.5,65.0,5.3,2019,3,51,0.0,0.0
2019-04,Quebec,3085.0,4313.0,62.1,65.3,4.8,2019,4,52,0.0,0.0
2019-05,Quebec,3225.0,4287.8,61.7,65.0,5.0,2019,5,53,0.0,0.0
2019-06,Quebec,3870.0,4293.4,61.8,65.0,4.9,2019,6,54,0.0,0.0
2019-07,Quebec,4545.0,4313.7,62.0,65.2,4.8,2019,7,55,0.0,0.0
2019-08,Quebec,2785.0,4329.0,62.2,65.2,4.6,2019,8,56,0.0,0.0
2019-09,Quebec,4195.0,4324.2,62.0,65.4,5.1,2019,9,57,0.0,0.0
2019-10,Quebec,3980.0,4308.4,61.8,65.1,5.1,2019,10,58,0.0,0.0
2019-11,Quebec,3660.0,4273.0,61.2,64.7,5.5,2019,11,59,0.0,0.0
2019-12,Quebec,3175.0,4315.1,61.7,65.0,5.0,2019,12,60,0.0,0.0
2020-01,Quebec,3195.0,4327.4,61.8,64.9,4.8,2020,1,61,1.0,0.0
2020-02,Quebec,2825.0,4340.1,62.0,64.9,4.5,2020,2,62,1.0,0.0
2020-03,Quebec,1965.0,4067.8,58.0,63.5,8.6,2020,3,63,1.0,0.0
2020-04,Quebec,195.0,3507.2,50.0,61.1,18.2,2020,4,64,1.0,0.0
2020-05,Quebec,1425.0,3736.5,53.2,62.0,14.2,2020,5,65,1.0,0.0
2020-06,Quebec,1365.0,4015.2,57.2,64.2,11.0,2020,6,66,1.0,0.0
2020-07,Quebec,2520.0,4097.8,58.3,64.3,9.4,2020,7,67,1.0,0.0
2020-08,Quebec,2235.0,4149.1,59.0,64.4,8.4,2020,8,68,1.0,0.0
2020-09,Quebec,2470.0,4230.9,60.1,64.8,7.2,2020,9,69,1.0,0.0
2020-10,Quebec,2535.0,4196.0,59.6,64.5,7.6,2020,10,70,0.0,0.0
2020-11,Quebec,2415.0,4196.6,59.6,64.2,7.2,2020,11,71,0.0,0.0
2020-12,Quebec,2105.0,4183.1,59.4,63.7,6.8,2020,12,72,0.0,0.0
2021-01,Quebec,3725.0,4109.0,58.3,63.5,8.2,2021,1,73,0.0,1.0
2021-02,Quebec,3315.0,4205.2,59.7,63.9,6.6,2021,2,74,0.0,1.0
2021-03,Quebec,3110.0,4228.2,60.0,64.2,6.7,2021,3,75,0.0,1.0
2021-04,Quebec,3070.0,4209.2,59.7,64.0,6.7,2021,4,76,0.0,1.0
2021-05,Quebec,2365.0,4215.1,59.7,64.0,6.6,2021,5,77,0.0,1.0
2021-06,Quebec,3810.0,4298.8,60.9,64.9,6.2,2021,6,78,0.0,1.0
2021-07,Quebec,5215.0,4285.6,60.7,64.7,6.2,2021,7,79,0.0,1.0
2021-08,Quebec,4215.0,4288.0,60.7,64.3,5.7,2021,8,80,0.0,1.0
2021-09,Quebec,5425.0,4302.9,60.9,64.7,5.9,2021,9,81,0.0,1.0
2021-10,Quebec,5375.0,4322.0,61.1,64.5,5.3,2021,10,82,0.0,1.0
2021-11,Quebec,4955.0,4358.6,61.6,64.5,4.5,2021,11,83,0.0,1.0
2021-12,Quebec,5690.0,4354.2,61.5,64.4,4.6,2021,12,84,0.0,1.0
2022-01,Quebec,3275.0,4307.1,60.8,63.9,5.0,2022,1,85,0.0,0.0
2022-02,Quebec,4560.0,4370.4,61.6,64.5,4.4,2022,2,86,0.0,0.0
2022-03,Quebec,5795.0,4385.2,61.8,64.5,4.2,2022,3,87,0.0,0.0
2022-04,Quebec,5070.0,4373.8,61.6,64.4,4.4,2022,4,88,0.0,0.0
2022-05,Quebec,6180.0,4389.5,61.7,64.6,4.4,2022,5,89,0.0,0.0
2022-06,Quebec,7045.0,4376.0,61.5,64.2,4.3,2022,6,90,0.0,0.0
2022-07,Quebec,7730.0,4393.7,61.6,64.3,4.1,2022,7,91,0.0,0.0
2022-08,Quebec,5900.0,4409.7,61.8,64.6,4.3,2022,8,92,0.0,0.0
2022-09,Quebec,6980.0,4409.4,61.7,64.5,4.4,2022,9,93,0.0,0.0
2022-10,Quebec,4945.0,4433.3,62.0,64.5,4.0,2022,10,94,0.0,0.0
2022-11,Quebec,5995.0,4451.7,62.2,64.6,3.8,2022,11,95,0.0,0.0
2022-12,Quebec,5250.0,4453.0,62.1,64.8,4.1,2022,12,96,0.0,0.0
2023-01,Quebec,5995.0,4494.1,62.6,65.4,4.3,2023,1,97,0.0,0.0
2023-02,Quebec,5100.0,4490.8,62.4,65.2,4.3,2023,2,98,0.0,0.0
2023-03,Quebec,4965.0,4502.9,62.5,65.2,4.2,2023,3,99,0.0,0.0
2023-04,Quebec,3310.0,4509.8,62.5,65.2,4.2,2023,4,100,0.0,0.0
2023-05,Quebec,3565.0,4508.8,62.4,65.0,4.1,2023,5,101,0.0,0.0
2023-06,Quebec,4745.0,4521.5,62.4,65.2,4.2,2023,6,102,0.0,0.0
2023-07,Quebec,5890.0,4524.7,62.4,65.2,4.4,2023,7,103,0.0,0.0
2023-08,Quebec,4490.0,4540.1,62.4,65.2,4.3,2023,8,104,0.0,0.0
2023-09,Quebec,6140.0,4554.5,62.5,65.4,4.5,2023,9,105,0.0,0.0
2023-10,Quebec,3785.0,4545.7,62.3,65.5,4.9,2023,10,106,0.0,0.0
2023-11,Quebec,2225.0,4542.3,62.1,65.4,5.1,2023,11,107,0.0,0.0
2023-12,Quebec,2605.0,4547.2,62.1,65.2,4.8,2023,12,108,0.0,0.0
2024-01,Quebec,4170.0,4535.0,61.8,64.8,4.7,2024,1,109,0.0,0.0
2024-02,Quebec,4815.0,4550.6,61.9,65.1,4.9,2024,2,110,0.0,0.0
2024-03,Quebec,4390.0,4542.8,61.6,64.8,4.9,2024,3,111,0.0,0.0
2024-04,Quebec,5040.0,4546.8,61.5,64.8,5.1,2024,4,112,0.0,0.0
2024-05,Quebec,5885.0,4553.0,61.5,64.8,5.2,2024,5,113,0.0,0.0
2024-06,Quebec,6030.0,4538.2,61.1,64.7,5.6,2024,6,114,0.0,0.0
2024-07,Quebec,6600.0,4534.2,60.9,64.5,5.6,2024,7,115,0.0,0.0
2024-08,Quebec,5580.0,4559.9,61.1,64.7,5.5,2024,8,116,0.0,0.0
2024-09,Quebec,4440.0,4578.4,61.2,64.7,5.4,2024,9,117,0.0,0.0
2024-10,Quebec,3515.0,4591.8,61.3,65.0,5.7,2024,10,118,0.0,0.0
2024-11,Quebec,5240.0,4614.5,61.4,65.3,5.9,2024,11,119,0.0,0.0
2024-12,Quebec,3745.0,4624.9,61.5,65.1,5.5,2024,12,120,0.0,0.0
2025-01,Quebec,2155.0,4635.8,61.5,65.1,5.5,2025,1,121,0.0,0.0
2025-02,Quebec,3105.0,4633.0,61.4,64.9,5.4,2025,2,122,0.0,0.0
2025-03,Quebec,4335.0,4631.6,61.3,65.1,5.8,2025,3,123,0.0,0.0
2025-04,Quebec,4065.0,4643.8,61.4,65.3,6.0,2025,4,124,0.0,0.0
2025-05,Quebec,7835.0,4629.3,61.1,64.9,5.8,2025,5,125,0.0,0.0
2025-06,Quebec,7035.0,4649.8,61.3,65.4,6.2,2025,6,126,0.0,0.0
2025-07,Quebec,7210.0,4635.0,61.0,64.6,5.5,2025,7,127,0.0,0.0
2025-08,Quebec,5360.0,4642.8,61.1,64.9,5.9,2025,8,128,0.0,0.0
2025-09,Quebec,5685.0,4633.9,61.0,64.6,5.7,2025,9,129,0.0,0.0
2025-10,Quebec,4960.0,4652.3,61.2,64.6,5.3,2025,10,130,0.0,0.0
2025-11,Quebec,3290.0,4651.7,61.2,64.5,5.1,2025,11,131,0.0,0.0
2025-12,Quebec,5095.0,4666.0,61.4,64.8,5.3,2025,12,132,0.0,0.0
2015-01,Saskatchewan,605.0,564.0,66.3,69.6,4.8,2015,1,1,0.0,0.0
2015-02,Saskatchewan,680.0,563.3,66.2,69.8,5.1,2015,2,2,0.0,0.0
2015-03,Saskatchewan,1075.0,566.9,66.6,69.7,4.4,2015,3,3,0.0,0.0
2015-04,Saskatchewan,1075.0,570.3,67.0,70.0,4.4,2015,4,4,0.0,0.0
2015-05,Saskatchewan,1260.0,567.3,66.6,70.1,5.0,2015,5,5,0.0,0.0
2015-06,Saskatchewan,1290.0,567.1,66.5,69.9,4.8,2015,6,6,0.0,0.0
2015-07,Saskatchewan,1295.0,560.1,65.7,69.5,5.5,2015,7,7,0.0,0.0
2015-08,Saskatchewan,1180.0,565.0,66.2,69.8,5.2,2015,8,8,0.0,0.0
2015-09,Saskatchewan,1205.0,567.1,66.4,70.1,5.3,2015,9,9,0.0,0.0
2015-10,Saskatchewan,1085.0,566.5,66.2,70.4,5.9,2015,10,10,0.0,0.0
2015-11,Saskatchewan,840.0,567.6,66.3,70.5,5.9,2015,11,11,0.0,0.0
2015-12,Saskatchewan,935.0,563.1,65.8,69.9,6.0,2015,12,12,0.0,0.0
2016-01,Saskatchewan,1225.0,564.2,65.9,70.0,5.9,2016,1,13,0.0,0.0
2016-02,Saskatchewan,1485.0,559.1,65.2,69.5,6.1,2016,2,14,0.0,0.0
2016-03,Saskatchewan,1395.0,559.7,65.2,69.6,6.3,2016,3,15,0.0,0.0
2016-04,Saskatchewan,1365.0,560.1,65.2,69.9,6.7,2016,4,16,0.0,0.0
2016-05,Saskatchewan,1405.0,561.5,65.4,69.6,6.1,2016,5,17,0.0,0.0
2016-06,Saskatchewan,1750.0,561.2,65.2,69.7,6.4,2016,6,18,0.0,0.0
2016-07,Saskatchewan,1480.0,563.5,65.4,69.8,6.2,2016,7,19,0.0,0.0
2016-08,Saskatchewan,1000.0,559.8,65.0,69.4,6.4,2016,8,20,0.0,0.0
2016-09,Saskatchewan,990.0,561.6,65.1,69.9,6.8,2016,9,21,0.0,0.0
2016-10,Saskatchewan,920.0,560.0,64.9,69.8,7.0,2016,10,22,0.0,0.0
2016-11,Saskatchewan,925.0,561.7,65.1,70.0,7.1,2016,11,23,0.0,0.0
2016-12,Saskatchewan,935.0,560.6,64.9,69.4,6.4,2016,12,24,0.0,0.0
2017-01,Saskatchewan,1295.0,559.8,64.7,69.5,6.9,2017,1,25,0.0,0.0
2017-02,Saskatchewan,1045.0,567.2,65.5,69.9,6.2,2017,2,26,0.0,0.0
2017-03,Saskatchewan,1485.0,560.3,64.7,69.0,6.3,2017,3,27,0.0,0.0
2017-04,Saskatchewan,1420.0,562.8,64.9,69.3,6.2,2017,4,28,0.0,0.0
2017-05,Saskatchewan,1390.0,564.4,65.1,69.7,6.6,2017,5,29,0.0,0.0
2017-06,Saskatchewan,1430.0,561.8,64.7,69.1,6.4,2017,6,30,0.0,0.0
2017-07,Saskatchewan,1380.0,563.4,64.8,69.6,6.8,2017,7,31,0.0,0.0
2017-08,Saskatchewan,1305.0,563.3,64.8,69.1,6.2,2017,8,32,0.0,0.0
2017-09,Saskatchewan,1285.0,562.4,64.6,69.0,6.3,2017,9,33,0.0,0.0
2017-10,Saskatchewan,1100.0,560.0,64.3,68.6,6.2,2017,10,34,0.0,0.0
2017-11,Saskatchewan,760.0,560.5,64.3,68.8,6.4,2017,11,35,0.0,0.0
2017-12,Saskatchewan,790.0,564.3,64.8,69.2,6.5,2017,12,36,0.0,0.0
2018-01,Saskatchewan,1065.0,564.7,64.8,68.7,5.8,2018,1,37,0.0,0.0
2018-02,Saskatchewan,1450.0,563.6,64.6,68.6,5.8,2018,2,38,0.0,0.0
2018-03,Saskatchewan,1475.0,566.4,64.9,69.1,6.1,2018,3,39,0.0,0.0
2018-04,Saskatchewan,1480.0,561.0,64.2,68.5,6.2,2018,4,40,0.0,0.0
2018-05,Saskatchewan,1490.0,560.5,64.1,68.6,6.6,2018,5,41,0.0,0.0
2018-06,Saskatchewan,1415.0,564.5,64.6,69.0,6.4,2018,6,42,0.0,0.0
2018-07,Saskatchewan,1355.0,563.3,64.4,68.7,6.3,2018,7,43,0.0,0.0
2018-08,Saskatchewan,1345.0,562.5,64.3,68.7,6.5,2018,8,44,0.0,0.0
2018-09,Saskatchewan,1530.0,563.8,64.4,68.9,6.5,2018,9,45,0.0,0.0
2018-10,Saskatchewan,1215.0,566.1,64.6,68.9,6.3,2018,10,46,0.0,0.0
2018-11,Saskatchewan,805.0,573.3,65.3,69.0,5.4,2018,11,47,0.0,0.0
2018-12,Saskatchewan,875.0,573.2,65.3,69.1,5.6,2018,12,48,0.0,0.0
2019-01,Saskatchewan,765.0,571.4,65.1,68.8,5.5,2019,1,49,0.0,0.0
2019-02,Saskatchewan,870.0,569.9,64.9,68.9,5.9,2019,2,50,0.0,0.0
2019-03,Saskatchewan,1215.0,574.9,65.4,69.0,5.1,2019,3,51,0.0,0.0
2019-04,Saskatchewan,1115.0,575.4,65.5,69.2,5.4,2019,4,52,0.0,0.0
2019-05,Saskatchewan,1345.0,573.0,65.2,68.8,5.3,2019,5,53,0.0,0.0
2019-06,Saskatchewan,1475.0,574.9,65.3,68.8,5.1,2019,6,54,0.0,0.0
2019-07,Saskatchewan,1660.0,572.9,65.0,68.9,5.6,2019,7,55,0.0,0.0
2019-08,Saskatchewan,1675.0,574.9,65.2,68.9,5.3,2019,8,56,0.0,0.0
2019-09,Saskatchewan,2185.0,578.2,65.5,69.3,5.5,2019,9,57,0.0,0.0
2019-10,Saskatchewan,1640.0,577.5,65.4,69.0,5.3,2019,10,58,0.0,0.0
2019-11,Saskatchewan,1090.0,576.7,65.2,69.7,6.4,2019,11,59,0.0,0.0
2019-12,Saskatchewan,835.0,573.5,64.8,69.1,6.2,2019,12,60,0.0,0.0
2020-01,Saskatchewan,995.0,574.0,64.9,69.0,5.9,2020,1,61,1.0,0.0
2020-02,Saskatchewan,1195.0,573.1,64.7,69.3,6.6,2020,2,62,1.0,0.0
2020-03,Saskatchewan,830.0,554.8,62.7,67.6,7.3,2020,3,63,1.0,0.0
2020-04,Saskatchewan,240.0,498.7,56.4,63.4,11.1,2020,4,64,1.0,0.0
2020-05,Saskatchewan,395.0,498.9,56.4,64.3,12.2,2020,5,65,1.0,0.0
2020-06,Saskatchewan,645.0,531.1,60.1,67.6,11.2,2020,6,66,1.0,0.0
2020-07,Saskatchewan,705.0,547.1,61.9,68.1,9.2,2020,7,67,1.0,0.0
2020-08,Saskatchewan,455.0,546.9,61.8,67.2,8.0,2020,8,68,1.0,0.0
2020-09,Saskatchewan,565.0,559.6,63.3,68.0,6.9,2020,9,69,1.0,0.0
2020-10,Saskatchewan,525.0,559.3,63.2,67.8,6.7,2020,10,70,0.0,0.0
2020-11,Saskatchewan,495.0,555.3,62.8,67.6,7.2,2020,11,71,0.0,0.0
2020-12,Saskatchewan,380.0,548.7,62.0,67.0,7.5,2020,12,72,0.0,0.0
2021-01,Saskatchewan,1055.0,551.6,62.3,67.0,7.0,2021,1,73,0.0,1.0
2021-02,Saskatchewan,775.0,550.9,62.2,67.0,7.2,2021,2,74,0.0,1.0
2021-03,Saskatchewan,625.0,552.0,62.4,67.1,7.0,2021,3,75,0.0,1.0
2021-04,Saskatchewan,600.0,557.7,63.0,67.3,6.3,2021,4,76,0.0,1.0
2021-05,Saskatchewan,355.0,559.0,63.2,67.6,6.5,2021,5,77,0.0,1.0
2021-06,Saskatchewan,820.0,559.4,63.2,67.9,6.9,2021,6,78,0.0,1.0
2021-07,Saskatchewan,1135.0,555.7,62.8,67.4,6.8,2021,7,79,0.0,1.0
2021-08,Saskatchewan,870.0,563.2,63.7,68.2,6.7,2021,8,80,0.0,1.0
2021-09,Saskatchewan,1035.0,565.7,63.9,68.3,6.4,2021,9,81,0.0,1.0
2021-10,Saskatchewan,1100.0,560.4,63.3,67.2,5.9,2021,10,82,0.0,1.0
2021-11,Saskatchewan,1305.0,560.4,63.2,66.9,5.5,2021,11,83,0.0,1.0
2021-12,Saskatchewan,1280.0,565.8,63.8,67.6,5.6,2021,12,84,0.0,1.0
2022-01,Saskatchewan,1140.0,569.6,64.2,67.8,5.4,2022,1,85,0.0,0.0
2022-02,Saskatchewan,1450.0,577.3,65.0,68.1,4.6,2022,2,86,0.0,0.0
2022-03,Saskatchewan,1575.0,575.8,64.7,68.1,4.9,2022,3,87,0.0,0.0
2022-04,Saskatchewan,1485.0,577.9,64.9,68.5,5.2,2022,4,88,0.0,0.0
2022-05,Saskatchewan,1645.0,578.2,64.9,68.0,4.6,2022,5,89,0.0,0.0
2022-06,Saskatchewan,2275.0,581.8,65.2,67.9,4.0,2022,6,90,0.0,0.0
2022-07,Saskatchewan,2615.0,580.1,64.9,67.6,4.1,2022,7,91,0.0,0.0
2022-08,Saskatchewan,1745.0,579.8,64.7,67.7,4.5,2022,8,92,0.0,0.0
2022-09,Saskatchewan,2615.0,576.7,64.2,67.1,4.3,2022,9,93,0.0,0.0
2022-10,Saskatchewan,2360.0,579.1,64.3,67.7,4.9,2022,10,94,0.0,0.0
2022-11,Saskatchewan,1610.0,579.1,64.2,67.2,4.4,2022,11,95,0.0,0.0
2022-12,Saskatchewan,1165.0,579.4,64.2,67.1,4.3,2022,12,96,0.0,0.0
2023-01,Saskatchewan,2040.0,584.1,64.5,67.4,4.3,2023,1,97,0.0,0.0
2023-02,Saskatchewan,2975.0,583.6,64.3,67.3,4.4,2023,2,98,0.0,0.0
2023-03,Saskatchewan,2375.0,583.2,64.1,67.3,4.7,2023,3,99,0.0,0.0
2023-04,Saskatchewan,1595.0,582.1,63.9,67.0,4.7,2023,4,100,0.0,0.0
2023-05,Saskatchewan,2620.0,580.1,63.5,66.5,4.5,2023,5,101,0.0,0.0
2023-06,Saskatchewan,2410.0,583.3,63.7,67.0,5.0,2023,6,102,0.0,0.0
2023-07,Saskatchewan,2500.0,579.6,63.1,66.6,5.2,2023,7,103,0.0,0.0
2023-08,Saskatchewan,1750.0,582.7,63.3,66.9,5.4,2023,8,104,0.0,0.0
2023-09,Saskatchewan,1775.0,589.0,63.8,67.1,4.8,2023,9,105,0.0,0.0
2023-10,Saskatchewan,1895.0,596.3,64.5,67.4,4.3,2023,10,106,0.0,0.0
2023-11,Saskatchewan,1420.0,598.0,64.5,67.8,4.9,2023,11,107,0.0,0.0
2023-12,Saskatchewan,1820.0,602.8,64.9,68.2,4.8,2023,12,108,0.0,0.0
2024-01,Saskatchewan,1990.0,597.4,64.1,67.4,4.8,2024,1,109,0.0,0.0
2024-02,Saskatchewan,1895.0,600.1,64.3,67.7,5.0,2024,2,110,0.0,0.0
2024-03,Saskatchewan,1725.0,595.0,63.6,67.2,5.4,2024,3,111,0.0,0.0
2024-04,Saskatchewan,2300.0,595.6,63.4,67.3,5.8,2024,4,112,0.0,0.0
2024-05,Saskatchewan,2690.0,601.5,63.9,67.7,5.6,2024,5,113,0.0,0.0
2024-06,Saskatchewan,2425.0,601.1,63.7,67.3,5.5,2024,6,114,0.0,0.0
2024-07,Saskatchewan,2485.0,606.0,64.0,67.6,5.4,2024,7,115,0.0,0.0
2024-08,Saskatchewan,1930.0,604.0,63.6,67.3,5.5,2024,8,116,0.0,0.0
2024-09,Saskatchewan,1630.0,605.8,63.6,67.3,5.5,2024,9,117,0.0,0.0
2024-10,Saskatchewan,1630.0,604.4,63.4,67.4,6.0,2024,10,118,0.0,0.0
2024-11,Saskatchewan,1385.0,604.7,63.3,67.1,5.7,2024,11,119,0.0,0.0
2024-12,Saskatchewan,1080.0,609.4,63.7,67.5,5.6,2024,12,120,0.0,0.0
2025-01,Saskatchewan,1940.0,608.0,63.5,67.0,5.2,2025,1,121,0.0,0.0
2025-02,Saskatchewan,1365.0,608.9,63.4,67.0,5.3,2025,2,122,0.0,0.0
2025-03,Saskatchewan,1290.0,615.2,64.0,67.3,4.9,2025,3,123,0.0,0.0
2025-04,Saskatchewan,995.0,617.4,64.1,67.1,4.4,2025,4,124,0.0,0.0
2025-05,Saskatchewan,1150.0,617.9,64.1,66.9,4.3,2025,5,125,0.0,0.0
2025-06,Saskatchewan,1325.0,619.8,64.2,67.5,4.9,2025,6,126,0.0,0.0
2025-07,Saskatchewan,1495.0,623.0,64.4,67.9,5.1,2025,7,127,0.0,0.0
2025-08,Saskatchewan,880.0,620.3,64.1,67.3,4.8,2025,8,128,0.0,0.0
2025-09,Saskatchewan,1030.0,619.8,63.9,68.0,6.0,2025,9,129,0.0,0.0
2025-10,Saskatchewan,970.0,618.4,63.7,67.4,5.5,2025,10,130,0.0,0.0
2025-11,Saskatchewan,845.0,620.6,63.9,67.7,5.7,2025,11,131,0.0,0.0
2025-12,Saskatchewan,780.0,617.5,63.5,67.8,6.4,2025,12,132,0.0,0.0
